number;title;category_id;file
0001;ΓΕΝΕΣΙΣ: 1;1;gen-1.mp3
0002;ΓΕΝΕΣΙΣ: 2;1;gen-2.mp3
0003;ΓΕΝΕΣΙΣ: 3;1;gen-3.mp3
0004;ΓΕΝΕΣΙΣ: 4;1;gen-4.mp3
0005;ΓΕΝΕΣΙΣ: 5;1;gen-5.mp3
0006;ΓΕΝΕΣΙΣ: 6;1;gen-6.mp3
0007;ΓΕΝΕΣΙΣ: 7;1;gen-7.mp3
0008;ΓΕΝΕΣΙΣ: 8;1;gen-8.mp3
0009;ΓΕΝΕΣΙΣ: 9;1;gen-9.mp3
0010;ΓΕΝΕΣΙΣ: 10;1;gen-10.mp3
0011;ΓΕΝΕΣΙΣ: 11;1;gen-11.mp3
0012;ΓΕΝΕΣΙΣ: 12;1;gen-12.mp3
0013;ΓΕΝΕΣΙΣ: 13;1;gen-13.mp3
0014;ΓΕΝΕΣΙΣ: 14;1;gen-14.mp3
0015;ΓΕΝΕΣΙΣ: 15;1;gen-15.mp3
0016;ΓΕΝΕΣΙΣ: 16;1;gen-16.mp3
0017;ΓΕΝΕΣΙΣ: 17;1;gen-17.mp3
0018;ΓΕΝΕΣΙΣ: 18;1;gen-18.mp3
0019;ΓΕΝΕΣΙΣ: 19;1;gen-19.mp3
0020;ΓΕΝΕΣΙΣ: 20;1;gen-20.mp3
0021;ΓΕΝΕΣΙΣ: 21;1;gen-21.mp3
0022;ΓΕΝΕΣΙΣ: 22;1;gen-22.mp3
0023;ΓΕΝΕΣΙΣ: 23;1;gen-23.mp3
0024;ΓΕΝΕΣΙΣ: 24;1;gen-24.mp3
0025;ΓΕΝΕΣΙΣ: 25;1;gen-25.mp3
0026;ΓΕΝΕΣΙΣ: 26;1;gen-26.mp3
0027;ΓΕΝΕΣΙΣ: 27;1;gen-27.mp3
0028;ΓΕΝΕΣΙΣ: 28;1;gen-28.mp3
0029;ΓΕΝΕΣΙΣ: 29;1;gen-29.mp3
0030;ΓΕΝΕΣΙΣ: 30;1;gen-30.mp3
0031;ΓΕΝΕΣΙΣ: 31;1;gen-31.mp3
0032;ΓΕΝΕΣΙΣ: 32;1;gen-32.mp3
0033;ΓΕΝΕΣΙΣ: 33;1;gen-33.mp3
0034;ΓΕΝΕΣΙΣ: 34;1;gen-34.mp3
0035;ΓΕΝΕΣΙΣ: 35;1;gen-35.mp3
0036;ΓΕΝΕΣΙΣ: 36;1;gen-36.mp3
0037;ΓΕΝΕΣΙΣ: 37;1;gen-37.mp3
0038;ΓΕΝΕΣΙΣ: 38;1;gen-38.mp3
0039;ΓΕΝΕΣΙΣ: 39;1;gen-39.mp3
0040;ΓΕΝΕΣΙΣ: 40;1;gen-40.mp3
0041;ΓΕΝΕΣΙΣ: 41;1;gen-41.mp3
0042;ΓΕΝΕΣΙΣ: 42;1;gen-42.mp3
0043;ΓΕΝΕΣΙΣ: 43;1;gen-43.mp3
0044;ΓΕΝΕΣΙΣ: 44;1;gen-44.mp3
0045;ΓΕΝΕΣΙΣ: 45;1;gen-45.mp3
0046;ΓΕΝΕΣΙΣ: 46;1;gen-46.mp3
0047;ΓΕΝΕΣΙΣ: 47;1;gen-47.mp3
0048;ΓΕΝΕΣΙΣ: 48;1;gen-48.mp3
0049;ΓΕΝΕΣΙΣ: 49;1;gen-49.mp3
0050;ΓΕΝΕΣΙΣ: 50;1;gen-50.mp3
0051;ΕΞΟΔΟΣ: 1;2;exo-1.mp3
0052;ΕΞΟΔΟΣ: 2;2;exo-2.mp3
0053;ΕΞΟΔΟΣ: 3;2;exo-3.mp3
0054;ΕΞΟΔΟΣ: 4;2;exo-4.mp3
0055;ΕΞΟΔΟΣ: 5;2;exo-5.mp3
0056;ΕΞΟΔΟΣ: 6;2;exo-6.mp3
0057;ΕΞΟΔΟΣ: 7;2;exo-7.mp3
0058;ΕΞΟΔΟΣ: 8;2;exo-8.mp3
0059;ΕΞΟΔΟΣ: 9;2;exo-9.mp3
0060;ΕΞΟΔΟΣ: 10;2;exo-10.mp3
0061;ΕΞΟΔΟΣ: 11;2;exo-11.mp3
0062;ΕΞΟΔΟΣ: 12;2;exo-12.mp3
0063;ΕΞΟΔΟΣ: 13;2;exo-13.mp3
0064;ΕΞΟΔΟΣ: 14;2;exo-14.mp3
0065;ΕΞΟΔΟΣ: 15;2;exo-15.mp3
0066;ΕΞΟΔΟΣ: 16;2;exo-16.mp3
0067;ΕΞΟΔΟΣ: 17;2;exo-17.mp3
0068;ΕΞΟΔΟΣ: 18;2;exo-18.mp3
0069;ΕΞΟΔΟΣ: 19;2;exo-19.mp3
0070;ΕΞΟΔΟΣ: 20;2;exo-20.mp3
0071;ΕΞΟΔΟΣ: 21;2;exo-21.mp3
0072;ΕΞΟΔΟΣ: 22;2;exo-22.mp3
0073;ΕΞΟΔΟΣ: 23;2;exo-23.mp3
0074;ΕΞΟΔΟΣ: 24;2;exo-24.mp3
0075;ΕΞΟΔΟΣ: 25;2;exo-25.mp3
0076;ΕΞΟΔΟΣ: 26;2;exo-26.mp3
0077;ΕΞΟΔΟΣ: 27;2;exo-27.mp3
0078;ΕΞΟΔΟΣ: 28;2;exo-28.mp3
0079;ΕΞΟΔΟΣ: 29;2;exo-29.mp3
0080;ΕΞΟΔΟΣ: 30;2;exo-30.mp3
0081;ΕΞΟΔΟΣ: 31;2;exo-31.mp3
0082;ΕΞΟΔΟΣ: 32;2;exo-32.mp3
0083;ΕΞΟΔΟΣ: 33;2;exo-33.mp3
0084;ΕΞΟΔΟΣ: 34;2;exo-34.mp3
0085;ΕΞΟΔΟΣ: 35;2;exo-35.mp3
0086;ΕΞΟΔΟΣ: 36;2;exo-36.mp3
0087;ΕΞΟΔΟΣ: 37;2;exo-37.mp3
0088;ΕΞΟΔΟΣ: 38;2;exo-38.mp3
0089;ΕΞΟΔΟΣ: 39;2;exo-39.mp3
0090;ΕΞΟΔΟΣ: 40;2;exo-40.mp3
0091;ΛΕΥΙΤΙΚΟΝ: 1;3;lev-1.mp3
0092;ΛΕΥΙΤΙΚΟΝ: 2;3;lev-2.mp3
0093;ΛΕΥΙΤΙΚΟΝ: 3;3;lev-3.mp3
0094;ΛΕΥΙΤΙΚΟΝ: 4;3;lev-4.mp3
0095;ΛΕΥΙΤΙΚΟΝ: 5;3;lev-5.mp3
0096;ΛΕΥΙΤΙΚΟΝ: 6;3;lev-6.mp3
0097;ΛΕΥΙΤΙΚΟΝ: 7;3;lev-7.mp3
0098;ΛΕΥΙΤΙΚΟΝ: 8;3;lev-8.mp3
0099;ΛΕΥΙΤΙΚΟΝ: 9;3;lev-9.mp3
0100;ΛΕΥΙΤΙΚΟΝ: 10;3;lev-10.mp3
0101;ΛΕΥΙΤΙΚΟΝ: 11;3;lev-11.mp3
0102;ΛΕΥΙΤΙΚΟΝ: 12;3;lev-12.mp3
0103;ΛΕΥΙΤΙΚΟΝ: 13;3;lev-13.mp3
0104;ΛΕΥΙΤΙΚΟΝ: 14;3;lev-14.mp3
0105;ΛΕΥΙΤΙΚΟΝ: 15;3;lev-15.mp3
0106;ΛΕΥΙΤΙΚΟΝ: 16;3;lev-16.mp3
0107;ΛΕΥΙΤΙΚΟΝ: 17;3;lev-17.mp3
0108;ΛΕΥΙΤΙΚΟΝ: 18;3;lev-18.mp3
0109;ΛΕΥΙΤΙΚΟΝ: 19;3;lev-19.mp3
0110;ΛΕΥΙΤΙΚΟΝ: 20;3;lev-20.mp3
0111;ΛΕΥΙΤΙΚΟΝ: 21;3;lev-21.mp3
0112;ΛΕΥΙΤΙΚΟΝ: 22;3;lev-22.mp3
0113;ΛΕΥΙΤΙΚΟΝ: 23;3;lev-23.mp3
0114;ΛΕΥΙΤΙΚΟΝ: 24;3;lev-24.mp3
0115;ΛΕΥΙΤΙΚΟΝ: 25;3;lev-25.mp3
0116;ΛΕΥΙΤΙΚΟΝ: 26;3;lev-26.mp3
0117;ΛΕΥΙΤΙΚΟΝ: 27;3;lev-27.mp3
0118;ΑΡΙΘΜΟΙ: 1;4;num-1.mp3
0119;ΑΡΙΘΜΟΙ: 2;4;num-2.mp3
0120;ΑΡΙΘΜΟΙ: 3;4;num-3.mp3
0121;ΑΡΙΘΜΟΙ: 4;4;num-4.mp3
0122;ΑΡΙΘΜΟΙ: 5;4;num-5.mp3
0123;ΑΡΙΘΜΟΙ: 6;4;num-6.mp3
0124;ΑΡΙΘΜΟΙ: 7;4;num-7.mp3
0125;ΑΡΙΘΜΟΙ: 8;4;num-8.mp3
0126;ΑΡΙΘΜΟΙ: 9;4;num-9.mp3
0127;ΑΡΙΘΜΟΙ: 10;4;num-10.mp3
0128;ΑΡΙΘΜΟΙ: 11;4;num-11.mp3
0129;ΑΡΙΘΜΟΙ: 12;4;num-12.mp3
0130;ΑΡΙΘΜΟΙ: 13;4;num-13.mp3
0131;ΑΡΙΘΜΟΙ: 14;4;num-14.mp3
0132;ΑΡΙΘΜΟΙ: 15;4;num-15.mp3
0133;ΑΡΙΘΜΟΙ: 16;4;num-16.mp3
0134;ΑΡΙΘΜΟΙ: 17;4;num-17.mp3
0135;ΑΡΙΘΜΟΙ: 18;4;num-18.mp3
0136;ΑΡΙΘΜΟΙ: 19;4;num-19.mp3
0137;ΑΡΙΘΜΟΙ: 20;4;num-20.mp3
0138;ΑΡΙΘΜΟΙ: 21;4;num-21.mp3
0139;ΑΡΙΘΜΟΙ: 22;4;num-22.mp3
0140;ΑΡΙΘΜΟΙ: 23;4;num-23.mp3
0141;ΑΡΙΘΜΟΙ: 24;4;num-24.mp3
0142;ΑΡΙΘΜΟΙ: 25;4;num-25.mp3
0143;ΑΡΙΘΜΟΙ: 26;4;num-26.mp3
0144;ΑΡΙΘΜΟΙ: 27;4;num-27.mp3
0145;ΑΡΙΘΜΟΙ: 28;4;num-28.mp3
0146;ΑΡΙΘΜΟΙ: 29;4;num-29.mp3
0147;ΑΡΙΘΜΟΙ: 30;4;num-30.mp3
0148;ΑΡΙΘΜΟΙ: 31;4;num-31.mp3
0149;ΑΡΙΘΜΟΙ: 32;4;num-32.mp3
0150;ΑΡΙΘΜΟΙ: 33;4;num-33.mp3
0151;ΑΡΙΘΜΟΙ: 34;4;num-34.mp3
0152;ΑΡΙΘΜΟΙ: 35;4;num-35.mp3
0153;ΑΡΙΘΜΟΙ: 36;4;num-36.mp3
0154;ΔΕΥΤΕΡΟΝΟΜΙΟΝ: 1;5;deu-1.mp3
0155;ΔΕΥΤΕΡΟΝΟΜΙΟΝ: 2;5;deu-2.mp3
0156;ΔΕΥΤΕΡΟΝΟΜΙΟΝ: 3;5;deu-3.mp3
0157;ΔΕΥΤΕΡΟΝΟΜΙΟΝ: 4;5;deu-4.mp3
0158;ΔΕΥΤΕΡΟΝΟΜΙΟΝ: 5;5;deu-5.mp3
0159;ΔΕΥΤΕΡΟΝΟΜΙΟΝ: 6;5;deu-6.mp3
0160;ΔΕΥΤΕΡΟΝΟΜΙΟΝ: 7;5;deu-7.mp3
0161;ΔΕΥΤΕΡΟΝΟΜΙΟΝ: 8;5;deu-8.mp3
0162;ΔΕΥΤΕΡΟΝΟΜΙΟΝ: 9;5;deu-9.mp3
0163;ΔΕΥΤΕΡΟΝΟΜΙΟΝ: 10;5;deu-10.mp3
0164;ΔΕΥΤΕΡΟΝΟΜΙΟΝ: 11;5;deu-11.mp3
0165;ΔΕΥΤΕΡΟΝΟΜΙΟΝ: 12;5;deu-12.mp3
0166;ΔΕΥΤΕΡΟΝΟΜΙΟΝ: 13;5;deu-13.mp3
0167;ΔΕΥΤΕΡΟΝΟΜΙΟΝ: 14;5;deu-14.mp3
0168;ΔΕΥΤΕΡΟΝΟΜΙΟΝ: 15;5;deu-15.mp3
0169;ΔΕΥΤΕΡΟΝΟΜΙΟΝ: 16;5;deu-16.mp3
0170;ΔΕΥΤΕΡΟΝΟΜΙΟΝ: 17;5;deu-17.mp3
0171;ΔΕΥΤΕΡΟΝΟΜΙΟΝ: 18;5;deu-18.mp3
0172;ΔΕΥΤΕΡΟΝΟΜΙΟΝ: 19;5;deu-19.mp3
0173;ΔΕΥΤΕΡΟΝΟΜΙΟΝ: 20;5;deu-20.mp3
0174;ΔΕΥΤΕΡΟΝΟΜΙΟΝ: 21;5;deu-21.mp3
0175;ΔΕΥΤΕΡΟΝΟΜΙΟΝ: 22;5;deu-22.mp3
0176;ΔΕΥΤΕΡΟΝΟΜΙΟΝ: 23;5;deu-23.mp3
0177;ΔΕΥΤΕΡΟΝΟΜΙΟΝ: 24;5;deu-24.mp3
0178;ΔΕΥΤΕΡΟΝΟΜΙΟΝ: 25;5;deu-25.mp3
0179;ΔΕΥΤΕΡΟΝΟΜΙΟΝ: 26;5;deu-26.mp3
0180;ΔΕΥΤΕΡΟΝΟΜΙΟΝ: 27;5;deu-27.mp3
0181;ΔΕΥΤΕΡΟΝΟΜΙΟΝ: 28;5;deu-28.mp3
0182;ΔΕΥΤΕΡΟΝΟΜΙΟΝ: 29;5;deu-29.mp3
0183;ΔΕΥΤΕΡΟΝΟΜΙΟΝ: 30;5;deu-30.mp3
0184;ΔΕΥΤΕΡΟΝΟΜΙΟΝ: 31;5;deu-31.mp3
0185;ΔΕΥΤΕΡΟΝΟΜΙΟΝ: 32;5;deu-32.mp3
0186;ΔΕΥΤΕΡΟΝΟΜΙΟΝ: 33;5;deu-33.mp3
0187;ΔΕΥΤΕΡΟΝΟΜΙΟΝ: 34;5;deu-34.mp3
0188;ΙΗΣΟΥΣ ΤΟΥ ΝΑΥΗ: 1;6;jos-1.mp3
0189;ΙΗΣΟΥΣ ΤΟΥ ΝΑΥΗ: 2;6;jos-2.mp3
0190;ΙΗΣΟΥΣ ΤΟΥ ΝΑΥΗ: 3;6;jos-3.mp3
0191;ΙΗΣΟΥΣ ΤΟΥ ΝΑΥΗ: 4;6;jos-4.mp3
0192;ΙΗΣΟΥΣ ΤΟΥ ΝΑΥΗ: 5;6;jos-5.mp3
0193;ΙΗΣΟΥΣ ΤΟΥ ΝΑΥΗ: 6;6;jos-6.mp3
0194;ΙΗΣΟΥΣ ΤΟΥ ΝΑΥΗ: 7;6;jos-7.mp3
0195;ΙΗΣΟΥΣ ΤΟΥ ΝΑΥΗ: 8;6;jos-8.mp3
0196;ΙΗΣΟΥΣ ΤΟΥ ΝΑΥΗ: 9;6;jos-9.mp3
0197;ΙΗΣΟΥΣ ΤΟΥ ΝΑΥΗ: 10;6;jos-10.mp3
0198;ΙΗΣΟΥΣ ΤΟΥ ΝΑΥΗ: 11;6;jos-11.mp3
0199;ΙΗΣΟΥΣ ΤΟΥ ΝΑΥΗ: 12;6;jos-12.mp3
0200;ΙΗΣΟΥΣ ΤΟΥ ΝΑΥΗ: 13;6;jos-13.mp3
0201;ΙΗΣΟΥΣ ΤΟΥ ΝΑΥΗ: 14;6;jos-14.mp3
0202;ΙΗΣΟΥΣ ΤΟΥ ΝΑΥΗ: 15;6;jos-15.mp3
0203;ΙΗΣΟΥΣ ΤΟΥ ΝΑΥΗ: 16;6;jos-16.mp3
0204;ΙΗΣΟΥΣ ΤΟΥ ΝΑΥΗ: 17;6;jos-17.mp3
0205;ΙΗΣΟΥΣ ΤΟΥ ΝΑΥΗ: 18;6;jos-18.mp3
0206;ΙΗΣΟΥΣ ΤΟΥ ΝΑΥΗ: 19;6;jos-19.mp3
0207;ΙΗΣΟΥΣ ΤΟΥ ΝΑΥΗ: 20;6;jos-20.mp3
0208;ΙΗΣΟΥΣ ΤΟΥ ΝΑΥΗ: 21;6;jos-21.mp3
0209;ΙΗΣΟΥΣ ΤΟΥ ΝΑΥΗ: 22;6;jos-22.mp3
0210;ΙΗΣΟΥΣ ΤΟΥ ΝΑΥΗ: 23;6;jos-23.mp3
0211;ΙΗΣΟΥΣ ΤΟΥ ΝΑΥΗ: 24;6;jos-24.mp3
0212;ΚΡΙΤΑΙ: 1;7;jdg-1.mp3
0213;ΚΡΙΤΑΙ: 2;7;jdg-2.mp3
0214;ΚΡΙΤΑΙ: 3;7;jdg-3.mp3
0215;ΚΡΙΤΑΙ: 4;7;jdg-4.mp3
0216;ΚΡΙΤΑΙ: 5;7;jdg-5.mp3
0217;ΚΡΙΤΑΙ: 6;7;jdg-6.mp3
0218;ΚΡΙΤΑΙ: 7;7;jdg-7.mp3
0219;ΚΡΙΤΑΙ: 8;7;jdg-8.mp3
0220;ΚΡΙΤΑΙ: 9;7;jdg-9.mp3
0221;ΚΡΙΤΑΙ: 10;7;jdg-10.mp3
0222;ΚΡΙΤΑΙ: 11;7;jdg-11.mp3
0223;ΚΡΙΤΑΙ: 12;7;jdg-12.mp3
0224;ΚΡΙΤΑΙ: 13;7;jdg-13.mp3
0225;ΚΡΙΤΑΙ: 14;7;jdg-14.mp3
0226;ΚΡΙΤΑΙ: 15;7;jdg-15.mp3
0227;ΚΡΙΤΑΙ: 16;7;jdg-16.mp3
0228;ΚΡΙΤΑΙ: 17;7;jdg-17.mp3
0229;ΚΡΙΤΑΙ: 18;7;jdg-18.mp3
0230;ΚΡΙΤΑΙ: 19;7;jdg-19.mp3
0231;ΚΡΙΤΑΙ: 20;7;jdg-20.mp3
0232;ΚΡΙΤΑΙ: 21;7;jdg-21.mp3
0233;ΡΟΥΘ: 1;8;rut-1.mp3
0234;ΡΟΥΘ: 2;8;rut-2.mp3
0235;ΡΟΥΘ: 3;8;rut-3.mp3
0236;ΡΟΥΘ: 4;8;rut-4.mp3
0237;Α΄ ΣΑΜΟΥΗΛ: 1;9;1sa-1.mp3
0238;Α΄ ΣΑΜΟΥΗΛ: 2;9;1sa-2.mp3
0239;Α΄ ΣΑΜΟΥΗΛ: 3;9;1sa-3.mp3
0240;Α΄ ΣΑΜΟΥΗΛ: 4;9;1sa-4.mp3
0241;Α΄ ΣΑΜΟΥΗΛ: 5;9;1sa-5.mp3
0242;Α΄ ΣΑΜΟΥΗΛ: 6;9;1sa-6.mp3
0243;Α΄ ΣΑΜΟΥΗΛ: 7;9;1sa-7.mp3
0244;Α΄ ΣΑΜΟΥΗΛ: 8;9;1sa-8.mp3
0245;Α΄ ΣΑΜΟΥΗΛ: 9;9;1sa-9.mp3
0246;Α΄ ΣΑΜΟΥΗΛ: 10;9;1sa-10.mp3
0247;Α΄ ΣΑΜΟΥΗΛ: 11;9;1sa-11.mp3
0248;Α΄ ΣΑΜΟΥΗΛ: 12;9;1sa-12.mp3
0249;Α΄ ΣΑΜΟΥΗΛ: 13;9;1sa-13.mp3
0250;Α΄ ΣΑΜΟΥΗΛ: 14;9;1sa-14.mp3
0251;Α΄ ΣΑΜΟΥΗΛ: 15;9;1sa-15.mp3
0252;Α΄ ΣΑΜΟΥΗΛ: 16;9;1sa-16.mp3
0253;Α΄ ΣΑΜΟΥΗΛ: 17;9;1sa-17.mp3
0254;Α΄ ΣΑΜΟΥΗΛ: 18;9;1sa-18.mp3
0255;Α΄ ΣΑΜΟΥΗΛ: 19;9;1sa-19.mp3
0256;Α΄ ΣΑΜΟΥΗΛ: 20;9;1sa-20.mp3
0257;Α΄ ΣΑΜΟΥΗΛ: 21;9;1sa-21.mp3
0258;Α΄ ΣΑΜΟΥΗΛ: 22;9;1sa-22.mp3
0259;Α΄ ΣΑΜΟΥΗΛ: 23;9;1sa-23.mp3
0260;Α΄ ΣΑΜΟΥΗΛ: 24;9;1sa-24.mp3
0261;Α΄ ΣΑΜΟΥΗΛ: 25;9;1sa-25.mp3
0262;Α΄ ΣΑΜΟΥΗΛ: 26;9;1sa-26.mp3
0263;Α΄ ΣΑΜΟΥΗΛ: 27;9;1sa-27.mp3
0264;Α΄ ΣΑΜΟΥΗΛ: 28;9;1sa-28.mp3
0265;Α΄ ΣΑΜΟΥΗΛ: 29;9;1sa-29.mp3
0266;Α΄ ΣΑΜΟΥΗΛ: 30;9;1sa-30.mp3
0267;Α΄ ΣΑΜΟΥΗΛ: 31;9;1sa-31.mp3
0268;Β΄ ΣΑΜΟΥΗΛ: 1;10;2sa-1.mp3
0269;Β΄ ΣΑΜΟΥΗΛ: 2;10;2sa-2.mp3
0270;Β΄ ΣΑΜΟΥΗΛ: 3;10;2sa-3.mp3
0271;Β΄ ΣΑΜΟΥΗΛ: 4;10;2sa-4.mp3
0272;Β΄ ΣΑΜΟΥΗΛ: 5;10;2sa-5.mp3
0273;Β΄ ΣΑΜΟΥΗΛ: 6;10;2sa-6.mp3
0274;Β΄ ΣΑΜΟΥΗΛ: 7;10;2sa-7.mp3
0275;Β΄ ΣΑΜΟΥΗΛ: 8;10;2sa-8.mp3
0276;Β΄ ΣΑΜΟΥΗΛ: 9;10;2sa-9.mp3
0277;Β΄ ΣΑΜΟΥΗΛ: 10;10;2sa-10.mp3
0278;Β΄ ΣΑΜΟΥΗΛ: 11;10;2sa-11.mp3
0279;Β΄ ΣΑΜΟΥΗΛ: 12;10;2sa-12.mp3
0280;Β΄ ΣΑΜΟΥΗΛ: 13;10;2sa-13.mp3
0281;Β΄ ΣΑΜΟΥΗΛ: 14;10;2sa-14.mp3
0282;Β΄ ΣΑΜΟΥΗΛ: 15;10;2sa-15.mp3
0283;Β΄ ΣΑΜΟΥΗΛ: 16;10;2sa-16.mp3
0284;Β΄ ΣΑΜΟΥΗΛ: 17;10;2sa-17.mp3
0285;Β΄ ΣΑΜΟΥΗΛ: 18;10;2sa-18.mp3
0286;Β΄ ΣΑΜΟΥΗΛ: 19;10;2sa-19.mp3
0287;Β΄ ΣΑΜΟΥΗΛ: 20;10;2sa-20.mp3
0288;Β΄ ΣΑΜΟΥΗΛ: 21;10;2sa-21.mp3
0289;Β΄ ΣΑΜΟΥΗΛ: 22;10;2sa-22.mp3
0290;Β΄ ΣΑΜΟΥΗΛ: 23;10;2sa-23.mp3
0291;Β΄ ΣΑΜΟΥΗΛ: 24;10;2sa-24.mp3
0292;Α΄ ΒΑΣΙΛΕΩΝ: 1;11;1ki-1.mp3
0293;Α΄ ΒΑΣΙΛΕΩΝ: 2;11;1ki-2.mp3
0294;Α΄ ΒΑΣΙΛΕΩΝ: 3;11;1ki-3.mp3
0295;Α΄ ΒΑΣΙΛΕΩΝ: 4;11;1ki-4.mp3
0296;Α΄ ΒΑΣΙΛΕΩΝ: 5;11;1ki-5.mp3
0297;Α΄ ΒΑΣΙΛΕΩΝ: 6;11;1ki-6.mp3
0298;Α΄ ΒΑΣΙΛΕΩΝ: 7;11;1ki-7.mp3
0299;Α΄ ΒΑΣΙΛΕΩΝ: 8;11;1ki-8.mp3
0300;Α΄ ΒΑΣΙΛΕΩΝ: 9;11;1ki-9.mp3
0301;Α΄ ΒΑΣΙΛΕΩΝ: 10;11;1ki-10.mp3
0302;Α΄ ΒΑΣΙΛΕΩΝ: 11;11;1ki-11.mp3
0303;Α΄ ΒΑΣΙΛΕΩΝ: 12;11;1ki-12.mp3
0304;Α΄ ΒΑΣΙΛΕΩΝ: 13;11;1ki-13.mp3
0305;Α΄ ΒΑΣΙΛΕΩΝ: 14;11;1ki-14.mp3
0306;Α΄ ΒΑΣΙΛΕΩΝ: 15;11;1ki-15.mp3
0307;Α΄ ΒΑΣΙΛΕΩΝ: 16;11;1ki-16.mp3
0308;Α΄ ΒΑΣΙΛΕΩΝ: 17;11;1ki-17.mp3
0309;Α΄ ΒΑΣΙΛΕΩΝ: 18;11;1ki-18.mp3
0310;Α΄ ΒΑΣΙΛΕΩΝ: 19;11;1ki-19.mp3
0311;Α΄ ΒΑΣΙΛΕΩΝ: 20;11;1ki-20.mp3
0312;Α΄ ΒΑΣΙΛΕΩΝ: 21;11;1ki-21.mp3
0313;Α΄ ΒΑΣΙΛΕΩΝ: 22;11;1ki-22.mp3
0314;Β΄ ΒΑΣΙΛΕΩΝ: 1;12;2ki-1.mp3
0315;Β΄ ΒΑΣΙΛΕΩΝ: 2;12;2ki-2.mp3
0316;Β΄ ΒΑΣΙΛΕΩΝ: 3;12;2ki-3.mp3
0317;Β΄ ΒΑΣΙΛΕΩΝ: 4;12;2ki-4.mp3
0318;Β΄ ΒΑΣΙΛΕΩΝ: 5;12;2ki-5.mp3
0319;Β΄ ΒΑΣΙΛΕΩΝ: 6;12;2ki-6.mp3
0320;Β΄ ΒΑΣΙΛΕΩΝ: 7;12;2ki-7.mp3
0321;Β΄ ΒΑΣΙΛΕΩΝ: 8;12;2ki-8.mp3
0322;Β΄ ΒΑΣΙΛΕΩΝ: 9;12;2ki-9.mp3
0323;Β΄ ΒΑΣΙΛΕΩΝ: 10;12;2ki-10.mp3
0324;Β΄ ΒΑΣΙΛΕΩΝ: 11;12;2ki-11.mp3
0325;Β΄ ΒΑΣΙΛΕΩΝ: 12;12;2ki-12.mp3
0326;Β΄ ΒΑΣΙΛΕΩΝ: 13;12;2ki-13.mp3
0327;Β΄ ΒΑΣΙΛΕΩΝ: 14;12;2ki-14.mp3
0328;Β΄ ΒΑΣΙΛΕΩΝ: 15;12;2ki-15.mp3
0329;Β΄ ΒΑΣΙΛΕΩΝ: 16;12;2ki-16.mp3
0330;Β΄ ΒΑΣΙΛΕΩΝ: 17;12;2ki-17.mp3
0331;Β΄ ΒΑΣΙΛΕΩΝ: 18;12;2ki-18.mp3
0332;Β΄ ΒΑΣΙΛΕΩΝ: 19;12;2ki-19.mp3
0333;Β΄ ΒΑΣΙΛΕΩΝ: 20;12;2ki-20.mp3
0334;Β΄ ΒΑΣΙΛΕΩΝ: 21;12;2ki-21.mp3
0335;Β΄ ΒΑΣΙΛΕΩΝ: 22;12;2ki-22.mp3
0336;Β΄ ΒΑΣΙΛΕΩΝ: 23;12;2ki-23.mp3
0337;Β΄ ΒΑΣΙΛΕΩΝ: 24;12;2ki-24.mp3
0338;Β΄ ΒΑΣΙΛΕΩΝ: 25;12;2ki-25.mp3
0339;Α΄ ΧΡΟΝΙΚΩΝ: 1;13;1ch-1.mp3
0340;Α΄ ΧΡΟΝΙΚΩΝ: 2;13;1ch-2.mp3
0341;Α΄ ΧΡΟΝΙΚΩΝ: 3;13;1ch-3.mp3
0342;Α΄ ΧΡΟΝΙΚΩΝ: 4;13;1ch-4.mp3
0343;Α΄ ΧΡΟΝΙΚΩΝ: 5;13;1ch-5.mp3
0344;Α΄ ΧΡΟΝΙΚΩΝ: 6;13;1ch-6.mp3
0345;Α΄ ΧΡΟΝΙΚΩΝ: 7;13;1ch-7.mp3
0346;Α΄ ΧΡΟΝΙΚΩΝ: 8;13;1ch-8.mp3
0347;Α΄ ΧΡΟΝΙΚΩΝ: 9;13;1ch-9.mp3
0348;Α΄ ΧΡΟΝΙΚΩΝ: 10;13;1ch-10.mp3
0349;Α΄ ΧΡΟΝΙΚΩΝ: 11;13;1ch-11.mp3
0350;Α΄ ΧΡΟΝΙΚΩΝ: 12;13;1ch-12.mp3
0351;Α΄ ΧΡΟΝΙΚΩΝ: 13;13;1ch-13.mp3
0352;Α΄ ΧΡΟΝΙΚΩΝ: 14;13;1ch-14.mp3
0353;Α΄ ΧΡΟΝΙΚΩΝ: 15;13;1ch-15.mp3
0354;Α΄ ΧΡΟΝΙΚΩΝ: 16;13;1ch-16.mp3
0355;Α΄ ΧΡΟΝΙΚΩΝ: 17;13;1ch-17.mp3
0356;Α΄ ΧΡΟΝΙΚΩΝ: 18;13;1ch-18.mp3
0357;Α΄ ΧΡΟΝΙΚΩΝ: 19;13;1ch-19.mp3
0358;Α΄ ΧΡΟΝΙΚΩΝ: 20;13;1ch-20.mp3
0359;Α΄ ΧΡΟΝΙΚΩΝ: 21;13;1ch-21.mp3
0360;Α΄ ΧΡΟΝΙΚΩΝ: 22;13;1ch-22.mp3
0361;Α΄ ΧΡΟΝΙΚΩΝ: 23;13;1ch-23.mp3
0362;Α΄ ΧΡΟΝΙΚΩΝ: 24;13;1ch-24.mp3
0363;Α΄ ΧΡΟΝΙΚΩΝ: 25;13;1ch-25.mp3
0364;Α΄ ΧΡΟΝΙΚΩΝ: 26;13;1ch-26.mp3
0365;Α΄ ΧΡΟΝΙΚΩΝ: 27;13;1ch-27.mp3
0366;Α΄ ΧΡΟΝΙΚΩΝ: 28;13;1ch-28.mp3
0367;Α΄ ΧΡΟΝΙΚΩΝ: 29;13;1ch-29.mp3
0368;Β΄ ΧΡΟΝΙΚΩΝ: 1;14;2ch-1.mp3
0369;Β΄ ΧΡΟΝΙΚΩΝ: 2;14;2ch-2.mp3
0370;Β΄ ΧΡΟΝΙΚΩΝ: 3;14;2ch-3.mp3
0371;Β΄ ΧΡΟΝΙΚΩΝ: 4;14;2ch-4.mp3
0372;Β΄ ΧΡΟΝΙΚΩΝ: 5;14;2ch-5.mp3
0373;Β΄ ΧΡΟΝΙΚΩΝ: 6;14;2ch-6.mp3
0374;Β΄ ΧΡΟΝΙΚΩΝ: 7;14;2ch-7.mp3
0375;Β΄ ΧΡΟΝΙΚΩΝ: 8;14;2ch-8.mp3
0376;Β΄ ΧΡΟΝΙΚΩΝ: 9;14;2ch-9.mp3
0377;Β΄ ΧΡΟΝΙΚΩΝ: 10;14;2ch-10.mp3
0378;Β΄ ΧΡΟΝΙΚΩΝ: 11;14;2ch-11.mp3
0379;Β΄ ΧΡΟΝΙΚΩΝ: 12;14;2ch-12.mp3
0380;Β΄ ΧΡΟΝΙΚΩΝ: 13;14;2ch-13.mp3
0381;Β΄ ΧΡΟΝΙΚΩΝ: 14;14;2ch-14.mp3
0382;Β΄ ΧΡΟΝΙΚΩΝ: 15;14;2ch-15.mp3
0383;Β΄ ΧΡΟΝΙΚΩΝ: 16;14;2ch-16.mp3
0384;Β΄ ΧΡΟΝΙΚΩΝ: 17;14;2ch-17.mp3
0385;Β΄ ΧΡΟΝΙΚΩΝ: 18;14;2ch-18.mp3
0386;Β΄ ΧΡΟΝΙΚΩΝ: 19;14;2ch-19.mp3
0387;Β΄ ΧΡΟΝΙΚΩΝ: 20;14;2ch-20.mp3
0388;Β΄ ΧΡΟΝΙΚΩΝ: 21;14;2ch-21.mp3
0389;Β΄ ΧΡΟΝΙΚΩΝ: 22;14;2ch-22.mp3
0390;Β΄ ΧΡΟΝΙΚΩΝ: 23;14;2ch-23.mp3
0391;Β΄ ΧΡΟΝΙΚΩΝ: 24;14;2ch-24.mp3
0392;Β΄ ΧΡΟΝΙΚΩΝ: 25;14;2ch-25.mp3
0393;Β΄ ΧΡΟΝΙΚΩΝ: 26;14;2ch-26.mp3
0394;Β΄ ΧΡΟΝΙΚΩΝ: 27;14;2ch-27.mp3
0395;Β΄ ΧΡΟΝΙΚΩΝ: 28;14;2ch-28.mp3
0396;Β΄ ΧΡΟΝΙΚΩΝ: 29;14;2ch-29.mp3
0397;Β΄ ΧΡΟΝΙΚΩΝ: 30;14;2ch-30.mp3
0398;Β΄ ΧΡΟΝΙΚΩΝ: 31;14;2ch-31.mp3
0399;Β΄ ΧΡΟΝΙΚΩΝ: 32;14;2ch-32.mp3
0400;Β΄ ΧΡΟΝΙΚΩΝ: 33;14;2ch-33.mp3
0401;Β΄ ΧΡΟΝΙΚΩΝ: 34;14;2ch-34.mp3
0402;Β΄ ΧΡΟΝΙΚΩΝ: 35;14;2ch-35.mp3
0403;Β΄ ΧΡΟΝΙΚΩΝ: 36;14;2ch-36.mp3
0404;ΕΣΔΡΑΣ: 1;15;ezr-1.mp3
0405;ΕΣΔΡΑΣ: 2;15;ezr-2.mp3
0406;ΕΣΔΡΑΣ: 3;15;ezr-3.mp3
0407;ΕΣΔΡΑΣ: 4;15;ezr-4.mp3
0408;ΕΣΔΡΑΣ: 5;15;ezr-5.mp3
0409;ΕΣΔΡΑΣ: 6;15;ezr-6.mp3
0410;ΕΣΔΡΑΣ: 7;15;ezr-7.mp3
0411;ΕΣΔΡΑΣ: 8;15;ezr-8.mp3
0412;ΕΣΔΡΑΣ: 9;15;ezr-9.mp3
0413;ΕΣΔΡΑΣ: 10;15;ezr-10.mp3
0414;ΝΕΕΜΙΑΣ: 1;16;neh-1.mp3
0415;ΝΕΕΜΙΑΣ: 2;16;neh-2.mp3
0416;ΝΕΕΜΙΑΣ: 3;16;neh-3.mp3
0417;ΝΕΕΜΙΑΣ: 4;16;neh-4.mp3
0418;ΝΕΕΜΙΑΣ: 5;16;neh-5.mp3
0419;ΝΕΕΜΙΑΣ: 6;16;neh-6.mp3
0420;ΝΕΕΜΙΑΣ: 7;16;neh-7.mp3
0421;ΝΕΕΜΙΑΣ: 8;16;neh-8.mp3
0422;ΝΕΕΜΙΑΣ: 9;16;neh-9.mp3
0423;ΝΕΕΜΙΑΣ: 10;16;neh-10.mp3
0424;ΝΕΕΜΙΑΣ: 11;16;neh-11.mp3
0425;ΝΕΕΜΙΑΣ: 12;16;neh-12.mp3
0426;ΝΕΕΜΙΑΣ: 13;16;neh-13.mp3
0427;ΕΣΘΗΡ: 1;17;est-1.mp3
0428;ΕΣΘΗΡ: 2;17;est-2.mp3
0429;ΕΣΘΗΡ: 3;17;est-3.mp3
0430;ΕΣΘΗΡ: 4;17;est-4.mp3
0431;ΕΣΘΗΡ: 5;17;est-5.mp3
0432;ΕΣΘΗΡ: 6;17;est-6.mp3
0433;ΕΣΘΗΡ: 7;17;est-7.mp3
0434;ΕΣΘΗΡ: 8;17;est-8.mp3
0435;ΕΣΘΗΡ: 9;17;est-9.mp3
0436;ΕΣΘΗΡ: 10;17;est-10.mp3
0437;ΙΩΒ: 1;18;job-1.mp3
0438;ΙΩΒ: 2;18;job-2.mp3
0439;ΙΩΒ: 3;18;job-3.mp3
0440;ΙΩΒ: 4;18;job-4.mp3
0441;ΙΩΒ: 5;18;job-5.mp3
0442;ΙΩΒ: 6;18;job-6.mp3
0443;ΙΩΒ: 7;18;job-7.mp3
0444;ΙΩΒ: 8;18;job-8.mp3
0445;ΙΩΒ: 9;18;job-9.mp3
0446;ΙΩΒ: 10;18;job-10.mp3
0447;ΙΩΒ: 11;18;job-11.mp3
0448;ΙΩΒ: 12;18;job-12.mp3
0449;ΙΩΒ: 13;18;job-13.mp3
0450;ΙΩΒ: 14;18;job-14.mp3
0451;ΙΩΒ: 15;18;job-15.mp3
0452;ΙΩΒ: 16;18;job-16.mp3
0453;ΙΩΒ: 17;18;job-17.mp3
0454;ΙΩΒ: 18;18;job-18.mp3
0455;ΙΩΒ: 19;18;job-19.mp3
0456;ΙΩΒ: 20;18;job-20.mp3
0457;ΙΩΒ: 21;18;job-21.mp3
0458;ΙΩΒ: 22;18;job-22.mp3
0459;ΙΩΒ: 23;18;job-23.mp3
0460;ΙΩΒ: 24;18;job-24.mp3
0461;ΙΩΒ: 25;18;job-25.mp3
0462;ΙΩΒ: 26;18;job-26.mp3
0463;ΙΩΒ: 27;18;job-27.mp3
0464;ΙΩΒ: 28;18;job-28.mp3
0465;ΙΩΒ: 29;18;job-29.mp3
0466;ΙΩΒ: 30;18;job-30.mp3
0467;ΙΩΒ: 31;18;job-31.mp3
0468;ΙΩΒ: 32;18;job-32.mp3
0469;ΙΩΒ: 33;18;job-33.mp3
0470;ΙΩΒ: 34;18;job-34.mp3
0471;ΙΩΒ: 35;18;job-35.mp3
0472;ΙΩΒ: 36;18;job-36.mp3
0473;ΙΩΒ: 37;18;job-37.mp3
0474;ΙΩΒ: 38;18;job-38.mp3
0475;ΙΩΒ: 39;18;job-39.mp3
0476;ΙΩΒ: 40;18;job-40.mp3
0477;ΙΩΒ: 41;18;job-41.mp3
0478;ΙΩΒ: 42;18;job-42.mp3
0479;ΨΑΛΜΟΙ: 1;19;psa-1.mp3
0480;ΨΑΛΜΟΙ: 2;19;psa-2.mp3
0481;ΨΑΛΜΟΙ: 3;19;psa-3.mp3
0482;ΨΑΛΜΟΙ: 4;19;psa-4.mp3
0483;ΨΑΛΜΟΙ: 5;19;psa-5.mp3
0484;ΨΑΛΜΟΙ: 6;19;psa-6.mp3
0485;ΨΑΛΜΟΙ: 7;19;psa-7.mp3
0486;ΨΑΛΜΟΙ: 8;19;psa-8.mp3
0487;ΨΑΛΜΟΙ: 9;19;psa-9.mp3
0488;ΨΑΛΜΟΙ: 10;19;psa-10.mp3
0489;ΨΑΛΜΟΙ: 11;19;psa-11.mp3
0490;ΨΑΛΜΟΙ: 12;19;psa-12.mp3
0491;ΨΑΛΜΟΙ: 13;19;psa-13.mp3
0492;ΨΑΛΜΟΙ: 14;19;psa-14.mp3
0493;ΨΑΛΜΟΙ: 15;19;psa-15.mp3
0494;ΨΑΛΜΟΙ: 16;19;psa-16.mp3
0495;ΨΑΛΜΟΙ: 17;19;psa-17.mp3
0496;ΨΑΛΜΟΙ: 18;19;psa-18.mp3
0497;ΨΑΛΜΟΙ: 19;19;psa-19.mp3
0498;ΨΑΛΜΟΙ: 20;19;psa-20.mp3
0499;ΨΑΛΜΟΙ: 21;19;psa-21.mp3
0500;ΨΑΛΜΟΙ: 22;19;psa-22.mp3
0501;ΨΑΛΜΟΙ: 23;19;psa-23.mp3
0502;ΨΑΛΜΟΙ: 24;19;psa-24.mp3
0503;ΨΑΛΜΟΙ: 25;19;psa-25.mp3
0504;ΨΑΛΜΟΙ: 26;19;psa-26.mp3
0505;ΨΑΛΜΟΙ: 27;19;psa-27.mp3
0506;ΨΑΛΜΟΙ: 28;19;psa-28.mp3
0507;ΨΑΛΜΟΙ: 29;19;psa-29.mp3
0508;ΨΑΛΜΟΙ: 30;19;psa-30.mp3
0509;ΨΑΛΜΟΙ: 31;19;psa-31.mp3
0510;ΨΑΛΜΟΙ: 32;19;psa-32.mp3
0511;ΨΑΛΜΟΙ: 33;19;psa-33.mp3
0512;ΨΑΛΜΟΙ: 34;19;psa-34.mp3
0513;ΨΑΛΜΟΙ: 35;19;psa-35.mp3
0514;ΨΑΛΜΟΙ: 36;19;psa-36.mp3
0515;ΨΑΛΜΟΙ: 37;19;psa-37.mp3
0516;ΨΑΛΜΟΙ: 38;19;psa-38.mp3
0517;ΨΑΛΜΟΙ: 39;19;psa-39.mp3
0518;ΨΑΛΜΟΙ: 40;19;psa-40.mp3
0519;ΨΑΛΜΟΙ: 41;19;psa-41.mp3
0520;ΨΑΛΜΟΙ: 42;19;psa-42.mp3
0521;ΨΑΛΜΟΙ: 43;19;psa-43.mp3
0522;ΨΑΛΜΟΙ: 44;19;psa-44.mp3
0523;ΨΑΛΜΟΙ: 45;19;psa-45.mp3
0524;ΨΑΛΜΟΙ: 46;19;psa-46.mp3
0525;ΨΑΛΜΟΙ: 47;19;psa-47.mp3
0526;ΨΑΛΜΟΙ: 48;19;psa-48.mp3
0527;ΨΑΛΜΟΙ: 49;19;psa-49.mp3
0528;ΨΑΛΜΟΙ: 50;19;psa-50.mp3
0529;ΨΑΛΜΟΙ: 51;19;psa-51.mp3
0530;ΨΑΛΜΟΙ: 52;19;psa-52.mp3
0531;ΨΑΛΜΟΙ: 53;19;psa-53.mp3
0532;ΨΑΛΜΟΙ: 54;19;psa-54.mp3
0533;ΨΑΛΜΟΙ: 55;19;psa-55.mp3
0534;ΨΑΛΜΟΙ: 56;19;psa-56.mp3
0535;ΨΑΛΜΟΙ: 57;19;psa-57.mp3
0536;ΨΑΛΜΟΙ: 58;19;psa-58.mp3
0537;ΨΑΛΜΟΙ: 59;19;psa-59.mp3
0538;ΨΑΛΜΟΙ: 60;19;psa-60.mp3
0539;ΨΑΛΜΟΙ: 61;19;psa-61.mp3
0540;ΨΑΛΜΟΙ: 62;19;psa-62.mp3
0541;ΨΑΛΜΟΙ: 63;19;psa-63.mp3
0542;ΨΑΛΜΟΙ: 64;19;psa-64.mp3
0543;ΨΑΛΜΟΙ: 65;19;psa-65.mp3
0544;ΨΑΛΜΟΙ: 66;19;psa-66.mp3
0545;ΨΑΛΜΟΙ: 67;19;psa-67.mp3
0546;ΨΑΛΜΟΙ: 68;19;psa-68.mp3
0547;ΨΑΛΜΟΙ: 69;19;psa-69.mp3
0548;ΨΑΛΜΟΙ: 70;19;psa-70.mp3
0549;ΨΑΛΜΟΙ: 71;19;psa-71.mp3
0550;ΨΑΛΜΟΙ: 72;19;psa-72.mp3
0551;ΨΑΛΜΟΙ: 73;19;psa-73.mp3
0552;ΨΑΛΜΟΙ: 74;19;psa-74.mp3
0553;ΨΑΛΜΟΙ: 75;19;psa-75.mp3
0554;ΨΑΛΜΟΙ: 76;19;psa-76.mp3
0555;ΨΑΛΜΟΙ: 77;19;psa-77.mp3
0556;ΨΑΛΜΟΙ: 78;19;psa-78.mp3
0557;ΨΑΛΜΟΙ: 79;19;psa-79.mp3
0558;ΨΑΛΜΟΙ: 80;19;psa-80.mp3
0559;ΨΑΛΜΟΙ: 81;19;psa-81.mp3
0560;ΨΑΛΜΟΙ: 82;19;psa-82.mp3
0561;ΨΑΛΜΟΙ: 83;19;psa-83.mp3
0562;ΨΑΛΜΟΙ: 84;19;psa-84.mp3
0563;ΨΑΛΜΟΙ: 85;19;psa-85.mp3
0564;ΨΑΛΜΟΙ: 86;19;psa-86.mp3
0565;ΨΑΛΜΟΙ: 87;19;psa-87.mp3
0566;ΨΑΛΜΟΙ: 88;19;psa-88.mp3
0567;ΨΑΛΜΟΙ: 89;19;psa-89.mp3
0568;ΨΑΛΜΟΙ: 90;19;psa-90.mp3
0569;ΨΑΛΜΟΙ: 91;19;psa-91.mp3
0570;ΨΑΛΜΟΙ: 92;19;psa-92.mp3
0571;ΨΑΛΜΟΙ: 93;19;psa-93.mp3
0572;ΨΑΛΜΟΙ: 94;19;psa-94.mp3
0573;ΨΑΛΜΟΙ: 95;19;psa-95.mp3
0574;ΨΑΛΜΟΙ: 96;19;psa-96.mp3
0575;ΨΑΛΜΟΙ: 97;19;psa-97.mp3
0576;ΨΑΛΜΟΙ: 98;19;psa-98.mp3
0577;ΨΑΛΜΟΙ: 99;19;psa-99.mp3
0578;ΨΑΛΜΟΙ: 100;19;psa-100.mp3
0579;ΨΑΛΜΟΙ: 101;19;psa-101.mp3
0580;ΨΑΛΜΟΙ: 102;19;psa-102.mp3
0581;ΨΑΛΜΟΙ: 103;19;psa-103.mp3
0582;ΨΑΛΜΟΙ: 104;19;psa-104.mp3
0583;ΨΑΛΜΟΙ: 105;19;psa-105.mp3
0584;ΨΑΛΜΟΙ: 106;19;psa-106.mp3
0585;ΨΑΛΜΟΙ: 107;19;psa-107.mp3
0586;ΨΑΛΜΟΙ: 108;19;psa-108.mp3
0587;ΨΑΛΜΟΙ: 109;19;psa-109.mp3
0588;ΨΑΛΜΟΙ: 110;19;psa-110.mp3
0589;ΨΑΛΜΟΙ: 111;19;psa-111.mp3
0590;ΨΑΛΜΟΙ: 112;19;psa-112.mp3
0591;ΨΑΛΜΟΙ: 113;19;psa-113.mp3
0592;ΨΑΛΜΟΙ: 114;19;psa-114.mp3
0593;ΨΑΛΜΟΙ: 115;19;psa-115.mp3
0594;ΨΑΛΜΟΙ: 116;19;psa-116.mp3
0595;ΨΑΛΜΟΙ: 117;19;psa-117.mp3
0596;ΨΑΛΜΟΙ: 118;19;psa-118.mp3
0597;ΨΑΛΜΟΙ: 119;19;psa-119.mp3
0598;ΨΑΛΜΟΙ: 120;19;psa-120.mp3
0599;ΨΑΛΜΟΙ: 121;19;psa-121.mp3
0600;ΨΑΛΜΟΙ: 122;19;psa-122.mp3
0601;ΨΑΛΜΟΙ: 123;19;psa-123.mp3
0602;ΨΑΛΜΟΙ: 124;19;psa-124.mp3
0603;ΨΑΛΜΟΙ: 125;19;psa-125.mp3
0604;ΨΑΛΜΟΙ: 126;19;psa-126.mp3
0605;ΨΑΛΜΟΙ: 127;19;psa-127.mp3
0606;ΨΑΛΜΟΙ: 128;19;psa-128.mp3
0607;ΨΑΛΜΟΙ: 129;19;psa-129.mp3
0608;ΨΑΛΜΟΙ: 130;19;psa-130.mp3
0609;ΨΑΛΜΟΙ: 131;19;psa-131.mp3
0610;ΨΑΛΜΟΙ: 132;19;psa-132.mp3
0611;ΨΑΛΜΟΙ: 133;19;psa-133.mp3
0612;ΨΑΛΜΟΙ: 134;19;psa-134.mp3
0613;ΨΑΛΜΟΙ: 135;19;psa-135.mp3
0614;ΨΑΛΜΟΙ: 136;19;psa-136.mp3
0615;ΨΑΛΜΟΙ: 137;19;psa-137.mp3
0616;ΨΑΛΜΟΙ: 138;19;psa-138.mp3
0617;ΨΑΛΜΟΙ: 139;19;psa-139.mp3
0618;ΨΑΛΜΟΙ: 140;19;psa-140.mp3
0619;ΨΑΛΜΟΙ: 141;19;psa-141.mp3
0620;ΨΑΛΜΟΙ: 142;19;psa-142.mp3
0621;ΨΑΛΜΟΙ: 143;19;psa-143.mp3
0622;ΨΑΛΜΟΙ: 144;19;psa-144.mp3
0623;ΨΑΛΜΟΙ: 145;19;psa-145.mp3
0624;ΨΑΛΜΟΙ: 146;19;psa-146.mp3
0625;ΨΑΛΜΟΙ: 147;19;psa-147.mp3
0626;ΨΑΛΜΟΙ: 148;19;psa-148.mp3
0627;ΨΑΛΜΟΙ: 149;19;psa-149.mp3
0628;ΨΑΛΜΟΙ: 150;19;psa-150.mp3
0629;ΠΑΡΟΙΜΙΑΙ: 1;20;pro-1.mp3
0630;ΠΑΡΟΙΜΙΑΙ: 2;20;pro-2.mp3
0631;ΠΑΡΟΙΜΙΑΙ: 3;20;pro-3.mp3
0632;ΠΑΡΟΙΜΙΑΙ: 4;20;pro-4.mp3
0633;ΠΑΡΟΙΜΙΑΙ: 5;20;pro-5.mp3
0634;ΠΑΡΟΙΜΙΑΙ: 6;20;pro-6.mp3
0635;ΠΑΡΟΙΜΙΑΙ: 7;20;pro-7.mp3
0636;ΠΑΡΟΙΜΙΑΙ: 8;20;pro-8.mp3
0637;ΠΑΡΟΙΜΙΑΙ: 9;20;pro-9.mp3
0638;ΠΑΡΟΙΜΙΑΙ: 10;20;pro-10.mp3
0639;ΠΑΡΟΙΜΙΑΙ: 11;20;pro-11.mp3
0640;ΠΑΡΟΙΜΙΑΙ: 12;20;pro-12.mp3
0641;ΠΑΡΟΙΜΙΑΙ: 13;20;pro-13.mp3
0642;ΠΑΡΟΙΜΙΑΙ: 14;20;pro-14.mp3
0643;ΠΑΡΟΙΜΙΑΙ: 15;20;pro-15.mp3
0644;ΠΑΡΟΙΜΙΑΙ: 16;20;pro-16.mp3
0645;ΠΑΡΟΙΜΙΑΙ: 17;20;pro-17.mp3
0646;ΠΑΡΟΙΜΙΑΙ: 18;20;pro-18.mp3
0647;ΠΑΡΟΙΜΙΑΙ: 19;20;pro-19.mp3
0648;ΠΑΡΟΙΜΙΑΙ: 20;20;pro-20.mp3
0649;ΠΑΡΟΙΜΙΑΙ: 21;20;pro-21.mp3
0650;ΠΑΡΟΙΜΙΑΙ: 22;20;pro-22.mp3
0651;ΠΑΡΟΙΜΙΑΙ: 23;20;pro-23.mp3
0652;ΠΑΡΟΙΜΙΑΙ: 24;20;pro-24.mp3
0653;ΠΑΡΟΙΜΙΑΙ: 25;20;pro-25.mp3
0654;ΠΑΡΟΙΜΙΑΙ: 26;20;pro-26.mp3
0655;ΠΑΡΟΙΜΙΑΙ: 27;20;pro-27.mp3
0656;ΠΑΡΟΙΜΙΑΙ: 28;20;pro-28.mp3
0657;ΠΑΡΟΙΜΙΑΙ: 29;20;pro-29.mp3
0658;ΠΑΡΟΙΜΙΑΙ: 30;20;pro-30.mp3
0659;ΠΑΡΟΙΜΙΑΙ: 31;20;pro-31.mp3
0660;ΕΚΚΛΗΣΙΑΣΤΗΣ: 1;21;ecc-1.mp3
0661;ΕΚΚΛΗΣΙΑΣΤΗΣ: 2;21;ecc-2.mp3
0662;ΕΚΚΛΗΣΙΑΣΤΗΣ: 3;21;ecc-3.mp3
0663;ΕΚΚΛΗΣΙΑΣΤΗΣ: 4;21;ecc-4.mp3
0664;ΕΚΚΛΗΣΙΑΣΤΗΣ: 5;21;ecc-5.mp3
0665;ΕΚΚΛΗΣΙΑΣΤΗΣ: 6;21;ecc-6.mp3
0666;ΕΚΚΛΗΣΙΑΣΤΗΣ: 7;21;ecc-7.mp3
0667;ΕΚΚΛΗΣΙΑΣΤΗΣ: 8;21;ecc-8.mp3
0668;ΕΚΚΛΗΣΙΑΣΤΗΣ: 9;21;ecc-9.mp3
0669;ΕΚΚΛΗΣΙΑΣΤΗΣ: 10;21;ecc-10.mp3
0670;ΕΚΚΛΗΣΙΑΣΤΗΣ: 11;21;ecc-11.mp3
0671;ΕΚΚΛΗΣΙΑΣΤΗΣ: 12;21;ecc-12.mp3
0672;ΑΣΜΑ ΑΣΜΑΤΩΝ: 1;22;sng-1.mp3
0673;ΑΣΜΑ ΑΣΜΑΤΩΝ: 2;22;sng-2.mp3
0674;ΑΣΜΑ ΑΣΜΑΤΩΝ: 3;22;sng-3.mp3
0675;ΑΣΜΑ ΑΣΜΑΤΩΝ: 4;22;sng-4.mp3
0676;ΑΣΜΑ ΑΣΜΑΤΩΝ: 5;22;sng-5.mp3
0677;ΑΣΜΑ ΑΣΜΑΤΩΝ: 6;22;sng-6.mp3
0678;ΑΣΜΑ ΑΣΜΑΤΩΝ: 7;22;sng-7.mp3
0679;ΑΣΜΑ ΑΣΜΑΤΩΝ: 8;22;sng-8.mp3
0680;ΗΣΑΪΑΣ: 1;23;isa-1.mp3
0681;ΗΣΑΪΑΣ: 2;23;isa-2.mp3
0682;ΗΣΑΪΑΣ: 3;23;isa-3.mp3
0683;ΗΣΑΪΑΣ: 4;23;isa-4.mp3
0684;ΗΣΑΪΑΣ: 5;23;isa-5.mp3
0685;ΗΣΑΪΑΣ: 6;23;isa-6.mp3
0686;ΗΣΑΪΑΣ: 7;23;isa-7.mp3
0687;ΗΣΑΪΑΣ: 8;23;isa-8.mp3
0688;ΗΣΑΪΑΣ: 9;23;isa-9.mp3
0689;ΗΣΑΪΑΣ: 10;23;isa-10.mp3
0690;ΗΣΑΪΑΣ: 11;23;isa-11.mp3
0691;ΗΣΑΪΑΣ: 12;23;isa-12.mp3
0692;ΗΣΑΪΑΣ: 13;23;isa-13.mp3
0693;ΗΣΑΪΑΣ: 14;23;isa-14.mp3
0694;ΗΣΑΪΑΣ: 15;23;isa-15.mp3
0695;ΗΣΑΪΑΣ: 16;23;isa-16.mp3
0696;ΗΣΑΪΑΣ: 17;23;isa-17.mp3
0697;ΗΣΑΪΑΣ: 18;23;isa-18.mp3
0698;ΗΣΑΪΑΣ: 19;23;isa-19.mp3
0699;ΗΣΑΪΑΣ: 20;23;isa-20.mp3
0700;ΗΣΑΪΑΣ: 21;23;isa-21.mp3
0701;ΗΣΑΪΑΣ: 22;23;isa-22.mp3
0702;ΗΣΑΪΑΣ: 23;23;isa-23.mp3
0703;ΗΣΑΪΑΣ: 24;23;isa-24.mp3
0704;ΗΣΑΪΑΣ: 25;23;isa-25.mp3
0705;ΗΣΑΪΑΣ: 26;23;isa-26.mp3
0706;ΗΣΑΪΑΣ: 27;23;isa-27.mp3
0707;ΗΣΑΪΑΣ: 28;23;isa-28.mp3
0708;ΗΣΑΪΑΣ: 29;23;isa-29.mp3
0709;ΗΣΑΪΑΣ: 30;23;isa-30.mp3
0710;ΗΣΑΪΑΣ: 31;23;isa-31.mp3
0711;ΗΣΑΪΑΣ: 32;23;isa-32.mp3
0712;ΗΣΑΪΑΣ: 33;23;isa-33.mp3
0713;ΗΣΑΪΑΣ: 34;23;isa-34.mp3
0714;ΗΣΑΪΑΣ: 35;23;isa-35.mp3
0715;ΗΣΑΪΑΣ: 36;23;isa-36.mp3
0716;ΗΣΑΪΑΣ: 37;23;isa-37.mp3
0717;ΗΣΑΪΑΣ: 38;23;isa-38.mp3
0718;ΗΣΑΪΑΣ: 39;23;isa-39.mp3
0719;ΗΣΑΪΑΣ: 40;23;isa-40.mp3
0720;ΗΣΑΪΑΣ: 41;23;isa-41.mp3
0721;ΗΣΑΪΑΣ: 42;23;isa-42.mp3
0722;ΗΣΑΪΑΣ: 43;23;isa-43.mp3
0723;ΗΣΑΪΑΣ: 44;23;isa-44.mp3
0724;ΗΣΑΪΑΣ: 45;23;isa-45.mp3
0725;ΗΣΑΪΑΣ: 46;23;isa-46.mp3
0726;ΗΣΑΪΑΣ: 47;23;isa-47.mp3
0727;ΗΣΑΪΑΣ: 48;23;isa-48.mp3
0728;ΗΣΑΪΑΣ: 49;23;isa-49.mp3
0729;ΗΣΑΪΑΣ: 50;23;isa-50.mp3
0730;ΗΣΑΪΑΣ: 51;23;isa-51.mp3
0731;ΗΣΑΪΑΣ: 52;23;isa-52.mp3
0732;ΗΣΑΪΑΣ: 53;23;isa-53.mp3
0733;ΗΣΑΪΑΣ: 54;23;isa-54.mp3
0734;ΗΣΑΪΑΣ: 55;23;isa-55.mp3
0735;ΗΣΑΪΑΣ: 56;23;isa-56.mp3
0736;ΗΣΑΪΑΣ: 57;23;isa-57.mp3
0737;ΗΣΑΪΑΣ: 58;23;isa-58.mp3
0738;ΗΣΑΪΑΣ: 59;23;isa-59.mp3
0739;ΗΣΑΪΑΣ: 60;23;isa-60.mp3
0740;ΗΣΑΪΑΣ: 61;23;isa-61.mp3
0741;ΗΣΑΪΑΣ: 62;23;isa-62.mp3
0742;ΗΣΑΪΑΣ: 63;23;isa-63.mp3
0743;ΗΣΑΪΑΣ: 64;23;isa-64.mp3
0744;ΗΣΑΪΑΣ: 65;23;isa-65.mp3
0745;ΗΣΑΪΑΣ: 66;23;isa-66.mp3
0746;ΙΕΡΕΜΙΑΣ: 1;24;jer-1.mp3
0747;ΙΕΡΕΜΙΑΣ: 2;24;jer-2.mp3
0748;ΙΕΡΕΜΙΑΣ: 3;24;jer-3.mp3
0749;ΙΕΡΕΜΙΑΣ: 4;24;jer-4.mp3
0750;ΙΕΡΕΜΙΑΣ: 5;24;jer-5.mp3
0751;ΙΕΡΕΜΙΑΣ: 6;24;jer-6.mp3
0752;ΙΕΡΕΜΙΑΣ: 7;24;jer-7.mp3
0753;ΙΕΡΕΜΙΑΣ: 8;24;jer-8.mp3
0754;ΙΕΡΕΜΙΑΣ: 9;24;jer-9.mp3
0755;ΙΕΡΕΜΙΑΣ: 10;24;jer-10.mp3
0756;ΙΕΡΕΜΙΑΣ: 11;24;jer-11.mp3
0757;ΙΕΡΕΜΙΑΣ: 12;24;jer-12.mp3
0758;ΙΕΡΕΜΙΑΣ: 13;24;jer-13.mp3
0759;ΙΕΡΕΜΙΑΣ: 14;24;jer-14.mp3
0760;ΙΕΡΕΜΙΑΣ: 15;24;jer-15.mp3
0761;ΙΕΡΕΜΙΑΣ: 16;24;jer-16.mp3
0762;ΙΕΡΕΜΙΑΣ: 17;24;jer-17.mp3
0763;ΙΕΡΕΜΙΑΣ: 18;24;jer-18.mp3
0764;ΙΕΡΕΜΙΑΣ: 19;24;jer-19.mp3
0765;ΙΕΡΕΜΙΑΣ: 20;24;jer-20.mp3
0766;ΙΕΡΕΜΙΑΣ: 21;24;jer-21.mp3
0767;ΙΕΡΕΜΙΑΣ: 22;24;jer-22.mp3
0768;ΙΕΡΕΜΙΑΣ: 23;24;jer-23.mp3
0769;ΙΕΡΕΜΙΑΣ: 24;24;jer-24.mp3
0770;ΙΕΡΕΜΙΑΣ: 25;24;jer-25.mp3
0771;ΙΕΡΕΜΙΑΣ: 26;24;jer-26.mp3
0772;ΙΕΡΕΜΙΑΣ: 27;24;jer-27.mp3
0773;ΙΕΡΕΜΙΑΣ: 28;24;jer-28.mp3
0774;ΙΕΡΕΜΙΑΣ: 29;24;jer-29.mp3
0775;ΙΕΡΕΜΙΑΣ: 30;24;jer-30.mp3
0776;ΙΕΡΕΜΙΑΣ: 31;24;jer-31.mp3
0777;ΙΕΡΕΜΙΑΣ: 32;24;jer-32.mp3
0778;ΙΕΡΕΜΙΑΣ: 33;24;jer-33.mp3
0779;ΙΕΡΕΜΙΑΣ: 34;24;jer-34.mp3
0780;ΙΕΡΕΜΙΑΣ: 35;24;jer-35.mp3
0781;ΙΕΡΕΜΙΑΣ: 36;24;jer-36.mp3
0782;ΙΕΡΕΜΙΑΣ: 37;24;jer-37.mp3
0783;ΙΕΡΕΜΙΑΣ: 38;24;jer-38.mp3
0784;ΙΕΡΕΜΙΑΣ: 39;24;jer-39.mp3
0785;ΙΕΡΕΜΙΑΣ: 40;24;jer-40.mp3
0786;ΙΕΡΕΜΙΑΣ: 41;24;jer-41.mp3
0787;ΙΕΡΕΜΙΑΣ: 42;24;jer-42.mp3
0788;ΙΕΡΕΜΙΑΣ: 43;24;jer-43.mp3
0789;ΙΕΡΕΜΙΑΣ: 44;24;jer-44.mp3
0790;ΙΕΡΕΜΙΑΣ: 45;24;jer-45.mp3
0791;ΙΕΡΕΜΙΑΣ: 46;24;jer-46.mp3
0792;ΙΕΡΕΜΙΑΣ: 47;24;jer-47.mp3
0793;ΙΕΡΕΜΙΑΣ: 48;24;jer-48.mp3
0794;ΙΕΡΕΜΙΑΣ: 49;24;jer-49.mp3
0795;ΙΕΡΕΜΙΑΣ: 50;24;jer-50.mp3
0796;ΙΕΡΕΜΙΑΣ: 51;24;jer-51.mp3
0797;ΙΕΡΕΜΙΑΣ: 52;24;jer-52.mp3
0798;ΘΡΗΝΟΙ: 1;25;lam-1.mp3
0799;ΘΡΗΝΟΙ: 2;25;lam-2.mp3
0800;ΘΡΗΝΟΙ: 3;25;lam-3.mp3
0801;ΘΡΗΝΟΙ: 4;25;lam-4.mp3
0802;ΙΕΖΕΚΙΗΛ: 1;26;ezk-1.mp3
0803;ΙΕΖΕΚΙΗΛ: 2;26;ezk-2.mp3
0804;ΙΕΖΕΚΙΗΛ: 3;26;ezk-3.mp3
0805;ΙΕΖΕΚΙΗΛ: 4;26;ezk-4.mp3
0806;ΙΕΖΕΚΙΗΛ: 5;26;ezk-5.mp3
0807;ΙΕΖΕΚΙΗΛ: 6;26;ezk-6.mp3
0808;ΙΕΖΕΚΙΗΛ: 7;26;ezk-7.mp3
0809;ΙΕΖΕΚΙΗΛ: 8;26;ezk-8.mp3
0810;ΙΕΖΕΚΙΗΛ: 9;26;ezk-9.mp3
0811;ΙΕΖΕΚΙΗΛ: 10;26;ezk-10.mp3
0812;ΙΕΖΕΚΙΗΛ: 11;26;ezk-11.mp3
0813;ΙΕΖΕΚΙΗΛ: 12;26;ezk-12.mp3
0814;ΙΕΖΕΚΙΗΛ: 13;26;ezk-13.mp3
0815;ΙΕΖΕΚΙΗΛ: 14;26;ezk-14.mp3
0816;ΙΕΖΕΚΙΗΛ: 15;26;ezk-15.mp3
0817;ΙΕΖΕΚΙΗΛ: 16;26;ezk-16.mp3
0818;ΙΕΖΕΚΙΗΛ: 17;26;ezk-17.mp3
0819;ΙΕΖΕΚΙΗΛ: 18;26;ezk-18.mp3
0820;ΙΕΖΕΚΙΗΛ: 19;26;ezk-19.mp3
0821;ΙΕΖΕΚΙΗΛ: 20;26;ezk-20.mp3
0822;ΙΕΖΕΚΙΗΛ: 21;26;ezk-21.mp3
0823;ΙΕΖΕΚΙΗΛ: 22;26;ezk-22.mp3
0824;ΙΕΖΕΚΙΗΛ: 23;26;ezk-23.mp3
0825;ΙΕΖΕΚΙΗΛ: 24;26;ezk-24.mp3
0826;ΙΕΖΕΚΙΗΛ: 25;26;ezk-25.mp3
0827;ΙΕΖΕΚΙΗΛ: 26;26;ezk-26.mp3
0828;ΙΕΖΕΚΙΗΛ: 27;26;ezk-27.mp3
0829;ΙΕΖΕΚΙΗΛ: 28;26;ezk-28.mp3
0830;ΙΕΖΕΚΙΗΛ: 29;26;ezk-29.mp3
0831;ΙΕΖΕΚΙΗΛ: 30;26;ezk-30.mp3
0832;ΙΕΖΕΚΙΗΛ: 31;26;ezk-31.mp3
0833;ΙΕΖΕΚΙΗΛ: 32;26;ezk-32.mp3
0834;ΙΕΖΕΚΙΗΛ: 33;26;ezk-33.mp3
0835;ΙΕΖΕΚΙΗΛ: 34;26;ezk-34.mp3
0836;ΙΕΖΕΚΙΗΛ: 35;26;ezk-35.mp3
0837;ΙΕΖΕΚΙΗΛ: 36;26;ezk-36.mp3
0838;ΙΕΖΕΚΙΗΛ: 37;26;ezk-37.mp3
0839;ΙΕΖΕΚΙΗΛ: 38;26;ezk-38.mp3
0840;ΙΕΖΕΚΙΗΛ: 39;26;ezk-39.mp3
0841;ΙΕΖΕΚΙΗΛ: 40;26;ezk-40.mp3
0842;ΙΕΖΕΚΙΗΛ: 41;26;ezk-41.mp3
0843;ΙΕΖΕΚΙΗΛ: 42;26;ezk-42.mp3
0844;ΙΕΖΕΚΙΗΛ: 43;26;ezk-43.mp3
0845;ΙΕΖΕΚΙΗΛ: 44;26;ezk-44.mp3
0846;ΙΕΖΕΚΙΗΛ: 45;26;ezk-45.mp3
0847;ΙΕΖΕΚΙΗΛ: 46;26;ezk-46.mp3
0848;ΙΕΖΕΚΙΗΛ: 47;26;ezk-47.mp3
0849;ΙΕΖΕΚΙΗΛ: 48;26;ezk-48.mp3
0850;ΔΑΝΙΗΛ: 1;27;dan-1.mp3
0851;ΔΑΝΙΗΛ: 2;27;dan-2.mp3
0852;ΔΑΝΙΗΛ: 3;27;dan-3.mp3
0853;ΔΑΝΙΗΛ: 4;27;dan-4.mp3
0854;ΔΑΝΙΗΛ: 5;27;dan-5.mp3
0855;ΔΑΝΙΗΛ: 6;27;dan-6.mp3
0856;ΔΑΝΙΗΛ: 7;27;dan-7.mp3
0857;ΔΑΝΙΗΛ: 8;27;dan-8.mp3
0858;ΔΑΝΙΗΛ: 9;27;dan-9.mp3
0859;ΔΑΝΙΗΛ: 10;27;dan-10.mp3
0860;ΔΑΝΙΗΛ: 11;27;dan-11.mp3
0861;ΔΑΝΙΗΛ: 12;27;dan-12.mp3
0862;ΩΣΗΕ: 1;28;hos-1.mp3
0863;ΩΣΗΕ: 2;28;hos-2.mp3
0864;ΩΣΗΕ: 3;28;hos-3.mp3
0865;ΩΣΗΕ: 4;28;hos-4.mp3
0866;ΩΣΗΕ: 5;28;hos-5.mp3
0867;ΩΣΗΕ: 6;28;hos-6.mp3
0868;ΩΣΗΕ: 7;28;hos-7.mp3
0869;ΩΣΗΕ: 8;28;hos-8.mp3
0870;ΩΣΗΕ: 9;28;hos-9.mp3
0871;ΩΣΗΕ: 10;28;hos-10.mp3
0872;ΩΣΗΕ: 11;28;hos-11.mp3
0873;ΩΣΗΕ: 12;28;hos-12.mp3
0874;ΩΣΗΕ: 13;28;hos-13.mp3
0875;ΩΣΗΕ: 14;28;hos-14.mp3
0876;ΙΩΗΛ: 1;29;jol-1.mp3
0877;ΙΩΗΛ: 2;29;jol-2.mp3
0878;ΙΩΗΛ: 3;29;jol-3.mp3
0879;ΑΜΩΣ: 1;30;amo-1.mp3
0880;ΑΜΩΣ: 2;30;amo-2.mp3
0881;ΑΜΩΣ: 3;30;amo-3.mp3
0882;ΑΜΩΣ: 4;30;amo-4.mp3
0883;ΑΜΩΣ: 5;30;amo-5.mp3
0884;ΑΜΩΣ: 6;30;amo-6.mp3
0885;ΑΜΩΣ: 7;30;amo-7.mp3
0886;ΑΜΩΣ: 8;30;amo-8.mp3
0887;ΑΜΩΣ: 9;30;amo-9.mp3
0888;ΟΒΔΙΟΥ: 1;31;oba-1.mp3
0889;ΙΩΝΑΣ: 1;32;jon-1.mp3
0890;ΙΩΝΑΣ: 2;32;jon-2.mp3
0891;ΙΩΝΑΣ: 3;32;jon-3.mp3
0892;ΙΩΝΑΣ: 4;32;jon-4.mp3
0893;ΜΙΧΑΙΑΣ: 1;33;mic-1.mp3
0894;ΜΙΧΑΙΑΣ: 2;33;mic-2.mp3
0895;ΜΙΧΑΙΑΣ: 3;33;mic-3.mp3
0896;ΜΙΧΑΙΑΣ: 4;33;mic-4.mp3
0897;ΜΙΧΑΙΑΣ: 5;33;mic-5.mp3
0898;ΜΙΧΑΙΑΣ: 6;33;mic-6.mp3
0899;ΜΙΧΑΙΑΣ: 7;33;mic-7.mp3
0900;ΝΑΟΥΜ: 1;34;nam-1.mp3
0901;ΝΑΟΥΜ: 2;34;nam-2.mp3
0902;ΝΑΟΥΜ: 3;34;nam-3.mp3
0903;ΑΒΒΑΚΟΥΜ: 1;35;hab-1.mp3
0904;ΑΒΒΑΚΟΥΜ: 2;35;hab-2.mp3
0905;ΑΒΒΑΚΟΥΜ: 3;35;hab-3.mp3
0906;ΣΟΦΟΝΙΑΣ: 1;36;zep-1.mp3
0907;ΣΟΦΟΝΙΑΣ: 2;36;zep-2.mp3
0908;ΣΟΦΟΝΙΑΣ: 3;36;zep-3.mp3
0909;ΑΓΓΑΙΟΣ: 1;37;hag-1.mp3
0910;ΑΓΓΑΙΟΣ: 2;37;hag-2.mp3
0911;ΖΑΧΑΡΙΑΣ: 1;38;zec-1.mp3
0912;ΖΑΧΑΡΙΑΣ: 2;38;zec-2.mp3
0913;ΖΑΧΑΡΙΑΣ: 3;38;zec-3.mp3
0914;ΖΑΧΑΡΙΑΣ: 4;38;zec-4.mp3
0915;ΖΑΧΑΡΙΑΣ: 5;38;zec-5.mp3
0916;ΖΑΧΑΡΙΑΣ: 6;38;zec-6.mp3
0917;ΖΑΧΑΡΙΑΣ: 7;38;zec-7.mp3
0918;ΖΑΧΑΡΙΑΣ: 8;38;zec-8.mp3
0919;ΖΑΧΑΡΙΑΣ: 9;38;zec-9.mp3
0920;ΖΑΧΑΡΙΑΣ: 10;38;zec-10.mp3
0921;ΖΑΧΑΡΙΑΣ: 11;38;zec-11.mp3
0922;ΖΑΧΑΡΙΑΣ: 12;38;zec-12.mp3
0923;ΖΑΧΑΡΙΑΣ: 13;38;zec-13.mp3
0924;ΖΑΧΑΡΙΑΣ: 14;38;zec-14.mp3
0925;ΜΑΛΑΧΙΑΣ: 1;39;mal-1.mp3
0926;ΜΑΛΑΧΙΑΣ: 2;39;mal-2.mp3
0927;ΜΑΛΑΧΙΑΣ: 3;39;mal-3.mp3
0928;ΜΑΛΑΧΙΑΣ: 4;39;mal-4.mp3
0929;ΚΑΤΑ ΜΑΤΘΑΙΟΝ: 1;40;mat-1.mp3
0930;ΚΑΤΑ ΜΑΤΘΑΙΟΝ: 2;40;mat-2.mp3
0931;ΚΑΤΑ ΜΑΤΘΑΙΟΝ: 3;40;mat-3.mp3
0932;ΚΑΤΑ ΜΑΤΘΑΙΟΝ: 4;40;mat-4.mp3
0933;ΚΑΤΑ ΜΑΤΘΑΙΟΝ: 5;40;mat-5.mp3
0934;ΚΑΤΑ ΜΑΤΘΑΙΟΝ: 6;40;mat-6.mp3
0935;ΚΑΤΑ ΜΑΤΘΑΙΟΝ: 7;40;mat-7.mp3
0936;ΚΑΤΑ ΜΑΤΘΑΙΟΝ: 8;40;mat-8.mp3
0937;ΚΑΤΑ ΜΑΤΘΑΙΟΝ: 9;40;mat-9.mp3
0938;ΚΑΤΑ ΜΑΤΘΑΙΟΝ: 10;40;mat-10.mp3
0939;ΚΑΤΑ ΜΑΤΘΑΙΟΝ: 11;40;mat-11.mp3
0940;ΚΑΤΑ ΜΑΤΘΑΙΟΝ: 12;40;mat-12.mp3
0941;ΚΑΤΑ ΜΑΤΘΑΙΟΝ: 13;40;mat-13.mp3
0942;ΚΑΤΑ ΜΑΤΘΑΙΟΝ: 14;40;mat-14.mp3
0943;ΚΑΤΑ ΜΑΤΘΑΙΟΝ: 15;40;mat-15.mp3
0944;ΚΑΤΑ ΜΑΤΘΑΙΟΝ: 16;40;mat-16.mp3
0945;ΚΑΤΑ ΜΑΤΘΑΙΟΝ: 17;40;mat-17.mp3
0946;ΚΑΤΑ ΜΑΤΘΑΙΟΝ: 18;40;mat-18.mp3
0947;ΚΑΤΑ ΜΑΤΘΑΙΟΝ: 19;40;mat-19.mp3
0948;ΚΑΤΑ ΜΑΤΘΑΙΟΝ: 20;40;mat-20.mp3
0949;ΚΑΤΑ ΜΑΤΘΑΙΟΝ: 21;40;mat-21.mp3
0950;ΚΑΤΑ ΜΑΤΘΑΙΟΝ: 22;40;mat-22.mp3
0951;ΚΑΤΑ ΜΑΤΘΑΙΟΝ: 23;40;mat-23.mp3
0952;ΚΑΤΑ ΜΑΤΘΑΙΟΝ: 24;40;mat-24.mp3
0953;ΚΑΤΑ ΜΑΤΘΑΙΟΝ: 25;40;mat-25.mp3
0954;ΚΑΤΑ ΜΑΤΘΑΙΟΝ: 26;40;mat-26.mp3
0955;ΚΑΤΑ ΜΑΤΘΑΙΟΝ: 27;40;mat-27.mp3
0956;ΚΑΤΑ ΜΑΤΘΑΙΟΝ: 28;40;mat-28.mp3
0957;ΚΑΤΑ ΜΑΡΚΟΝ: 1;41;mrk-1.mp3
0958;ΚΑΤΑ ΜΑΡΚΟΝ: 2;41;mrk-2.mp3
0959;ΚΑΤΑ ΜΑΡΚΟΝ: 3;41;mrk-3.mp3
0960;ΚΑΤΑ ΜΑΡΚΟΝ: 4;41;mrk-4.mp3
0961;ΚΑΤΑ ΜΑΡΚΟΝ: 5;41;mrk-5.mp3
0962;ΚΑΤΑ ΜΑΡΚΟΝ: 6;41;mrk-6.mp3
0963;ΚΑΤΑ ΜΑΡΚΟΝ: 7;41;mrk-7.mp3
0964;ΚΑΤΑ ΜΑΡΚΟΝ: 8;41;mrk-8.mp3
0965;ΚΑΤΑ ΜΑΡΚΟΝ: 9;41;mrk-9.mp3
0966;ΚΑΤΑ ΜΑΡΚΟΝ: 10;41;mrk-10.mp3
0967;ΚΑΤΑ ΜΑΡΚΟΝ: 11;41;mrk-11.mp3
0968;ΚΑΤΑ ΜΑΡΚΟΝ: 12;41;mrk-12.mp3
0969;ΚΑΤΑ ΜΑΡΚΟΝ: 13;41;mrk-13.mp3
0970;ΚΑΤΑ ΜΑΡΚΟΝ: 14;41;mrk-14.mp3
0971;ΚΑΤΑ ΜΑΡΚΟΝ: 15;41;mrk-15.mp3
0972;ΚΑΤΑ ΜΑΡΚΟΝ: 16;41;mrk-16.mp3
0973;ΚΑΤΑ ΛΟΥΚΑΝ: 1;42;luk-1.mp3
0974;ΚΑΤΑ ΛΟΥΚΑΝ: 2;42;luk-2.mp3
0975;ΚΑΤΑ ΛΟΥΚΑΝ: 3;42;luk-3.mp3
0976;ΚΑΤΑ ΛΟΥΚΑΝ: 4;42;luk-4.mp3
0977;ΚΑΤΑ ΛΟΥΚΑΝ: 5;42;luk-5.mp3
0978;ΚΑΤΑ ΛΟΥΚΑΝ: 6;42;luk-6.mp3
0979;ΚΑΤΑ ΛΟΥΚΑΝ: 7;42;luk-7.mp3
0980;ΚΑΤΑ ΛΟΥΚΑΝ: 8;42;luk-8.mp3
0981;ΚΑΤΑ ΛΟΥΚΑΝ: 9;42;luk-9.mp3
0982;ΚΑΤΑ ΛΟΥΚΑΝ: 10;42;luk-10.mp3
0983;ΚΑΤΑ ΛΟΥΚΑΝ: 11;42;luk-11.mp3
0984;ΚΑΤΑ ΛΟΥΚΑΝ: 12;42;luk-12.mp3
0985;ΚΑΤΑ ΛΟΥΚΑΝ: 13;42;luk-13.mp3
0986;ΚΑΤΑ ΛΟΥΚΑΝ: 14;42;luk-14.mp3
0987;ΚΑΤΑ ΛΟΥΚΑΝ: 15;42;luk-15.mp3
0988;ΚΑΤΑ ΛΟΥΚΑΝ: 16;42;luk-16.mp3
0989;ΚΑΤΑ ΛΟΥΚΑΝ: 17;42;luk-17.mp3
0990;ΚΑΤΑ ΛΟΥΚΑΝ: 18;42;luk-18.mp3
0991;ΚΑΤΑ ΛΟΥΚΑΝ: 19;42;luk-19.mp3
0992;ΚΑΤΑ ΛΟΥΚΑΝ: 20;42;luk-20.mp3
0993;ΚΑΤΑ ΛΟΥΚΑΝ: 21;42;luk-21.mp3
0994;ΚΑΤΑ ΛΟΥΚΑΝ: 22;42;luk-22.mp3
0995;ΚΑΤΑ ΛΟΥΚΑΝ: 23;42;luk-23.mp3
0996;ΚΑΤΑ ΛΟΥΚΑΝ: 24;42;luk-24.mp3
0997;ΚΑΤΑ ΙΩΑΝΝΗΝ: 1;43;jhn-1.mp3
0998;ΚΑΤΑ ΙΩΑΝΝΗΝ: 2;43;jhn-2.mp3
0999;ΚΑΤΑ ΙΩΑΝΝΗΝ: 3;43;jhn-3.mp3
1000;ΚΑΤΑ ΙΩΑΝΝΗΝ: 4;43;jhn-4.mp3
1001;ΚΑΤΑ ΙΩΑΝΝΗΝ: 5;43;jhn-5.mp3
1002;ΚΑΤΑ ΙΩΑΝΝΗΝ: 6;43;jhn-6.mp3
1003;ΚΑΤΑ ΙΩΑΝΝΗΝ: 7;43;jhn-7.mp3
1004;ΚΑΤΑ ΙΩΑΝΝΗΝ: 8;43;jhn-8.mp3
1005;ΚΑΤΑ ΙΩΑΝΝΗΝ: 9;43;jhn-9.mp3
1006;ΚΑΤΑ ΙΩΑΝΝΗΝ: 10;43;jhn-10.mp3
1007;ΚΑΤΑ ΙΩΑΝΝΗΝ: 11;43;jhn-11.mp3
1008;ΚΑΤΑ ΙΩΑΝΝΗΝ: 12;43;jhn-12.mp3
1009;ΚΑΤΑ ΙΩΑΝΝΗΝ: 13;43;jhn-13.mp3
1010;ΚΑΤΑ ΙΩΑΝΝΗΝ: 14;43;jhn-14.mp3
1011;ΚΑΤΑ ΙΩΑΝΝΗΝ: 15;43;jhn-15.mp3
1012;ΚΑΤΑ ΙΩΑΝΝΗΝ: 16;43;jhn-16.mp3
1013;ΚΑΤΑ ΙΩΑΝΝΗΝ: 17;43;jhn-17.mp3
1014;ΚΑΤΑ ΙΩΑΝΝΗΝ: 18;43;jhn-18.mp3
1015;ΚΑΤΑ ΙΩΑΝΝΗΝ: 19;43;jhn-19.mp3
1016;ΚΑΤΑ ΙΩΑΝΝΗΝ: 20;43;jhn-20.mp3
1017;ΚΑΤΑ ΙΩΑΝΝΗΝ: 21;43;jhn-21.mp3
1018;ΠΡΑΞΕΙΣ ΑΠΟΣΤΟΛΩΝ: 1;44;act-1.mp3
1019;ΠΡΑΞΕΙΣ ΑΠΟΣΤΟΛΩΝ: 2;44;act-2.mp3
1020;ΠΡΑΞΕΙΣ ΑΠΟΣΤΟΛΩΝ: 3;44;act-3.mp3
1021;ΠΡΑΞΕΙΣ ΑΠΟΣΤΟΛΩΝ: 4;44;act-4.mp3
1022;ΠΡΑΞΕΙΣ ΑΠΟΣΤΟΛΩΝ: 5;44;act-5.mp3
1023;ΠΡΑΞΕΙΣ ΑΠΟΣΤΟΛΩΝ: 6;44;act-6.mp3
1024;ΠΡΑΞΕΙΣ ΑΠΟΣΤΟΛΩΝ: 7;44;act-7.mp3
1025;ΠΡΑΞΕΙΣ ΑΠΟΣΤΟΛΩΝ: 8;44;act-8.mp3
1026;ΠΡΑΞΕΙΣ ΑΠΟΣΤΟΛΩΝ: 9;44;act-9.mp3
1027;ΠΡΑΞΕΙΣ ΑΠΟΣΤΟΛΩΝ: 10;44;act-10.mp3
1028;ΠΡΑΞΕΙΣ ΑΠΟΣΤΟΛΩΝ: 11;44;act-11.mp3
1029;ΠΡΑΞΕΙΣ ΑΠΟΣΤΟΛΩΝ: 12;44;act-12.mp3
1030;ΠΡΑΞΕΙΣ ΑΠΟΣΤΟΛΩΝ: 13;44;act-13.mp3
1031;ΠΡΑΞΕΙΣ ΑΠΟΣΤΟΛΩΝ: 14;44;act-14.mp3
1032;ΠΡΑΞΕΙΣ ΑΠΟΣΤΟΛΩΝ: 15;44;act-15.mp3
1033;ΠΡΑΞΕΙΣ ΑΠΟΣΤΟΛΩΝ: 16;44;act-16.mp3
1034;ΠΡΑΞΕΙΣ ΑΠΟΣΤΟΛΩΝ: 17;44;act-17.mp3
1035;ΠΡΑΞΕΙΣ ΑΠΟΣΤΟΛΩΝ: 18;44;act-18.mp3
1036;ΠΡΑΞΕΙΣ ΑΠΟΣΤΟΛΩΝ: 19;44;act-19.mp3
1037;ΠΡΑΞΕΙΣ ΑΠΟΣΤΟΛΩΝ: 20;44;act-20.mp3
1038;ΠΡΑΞΕΙΣ ΑΠΟΣΤΟΛΩΝ: 21;44;act-21.mp3
1039;ΠΡΑΞΕΙΣ ΑΠΟΣΤΟΛΩΝ: 22;44;act-22.mp3
1040;ΠΡΑΞΕΙΣ ΑΠΟΣΤΟΛΩΝ: 23;44;act-23.mp3
1041;ΠΡΑΞΕΙΣ ΑΠΟΣΤΟΛΩΝ: 24;44;act-24.mp3
1042;ΠΡΑΞΕΙΣ ΑΠΟΣΤΟΛΩΝ: 25;44;act-25.mp3
1043;ΠΡΑΞΕΙΣ ΑΠΟΣΤΟΛΩΝ: 26;44;act-26.mp3
1044;ΠΡΑΞΕΙΣ ΑΠΟΣΤΟΛΩΝ: 27;44;act-27.mp3
1045;ΠΡΑΞΕΙΣ ΑΠΟΣΤΟΛΩΝ: 28;44;act-28.mp3
1046;ΠΡΟΣ ΡΩΜΑΙΟΥΣ: 1;45;rom-1.mp3
1047;ΠΡΟΣ ΡΩΜΑΙΟΥΣ: 2;45;rom-2.mp3
1048;ΠΡΟΣ ΡΩΜΑΙΟΥΣ: 3;45;rom-3.mp3
1049;ΠΡΟΣ ΡΩΜΑΙΟΥΣ: 4;45;rom-4.mp3
1050;ΠΡΟΣ ΡΩΜΑΙΟΥΣ: 5;45;rom-5.mp3
1051;ΠΡΟΣ ΡΩΜΑΙΟΥΣ: 6;45;rom-6.mp3
1052;ΠΡΟΣ ΡΩΜΑΙΟΥΣ: 7;45;rom-7.mp3
1053;ΠΡΟΣ ΡΩΜΑΙΟΥΣ: 8;45;rom-8.mp3
1054;ΠΡΟΣ ΡΩΜΑΙΟΥΣ: 9;45;rom-9.mp3
1055;ΠΡΟΣ ΡΩΜΑΙΟΥΣ: 10;45;rom-10.mp3
1056;ΠΡΟΣ ΡΩΜΑΙΟΥΣ: 11;45;rom-11.mp3
1057;ΠΡΟΣ ΡΩΜΑΙΟΥΣ: 12;45;rom-12.mp3
1058;ΠΡΟΣ ΡΩΜΑΙΟΥΣ: 13;45;rom-13.mp3
1059;ΠΡΟΣ ΡΩΜΑΙΟΥΣ: 14;45;rom-14.mp3
1060;ΠΡΟΣ ΡΩΜΑΙΟΥΣ: 15;45;rom-15.mp3
1061;ΠΡΟΣ ΡΩΜΑΙΟΥΣ: 16;45;rom-16.mp3
1062;ΠΡΟΣ ΚΟΡΙΝΘΙΟΥΣ Α΄: 1;46;1co-1.mp3
1063;ΠΡΟΣ ΚΟΡΙΝΘΙΟΥΣ Α΄: 2;46;1co-2.mp3
1064;ΠΡΟΣ ΚΟΡΙΝΘΙΟΥΣ Α΄: 3;46;1co-3.mp3
1065;ΠΡΟΣ ΚΟΡΙΝΘΙΟΥΣ Α΄: 4;46;1co-4.mp3
1066;ΠΡΟΣ ΚΟΡΙΝΘΙΟΥΣ Α΄: 5;46;1co-5.mp3
1067;ΠΡΟΣ ΚΟΡΙΝΘΙΟΥΣ Α΄: 6;46;1co-6.mp3
1068;ΠΡΟΣ ΚΟΡΙΝΘΙΟΥΣ Α΄: 7;46;1co-7.mp3
1069;ΠΡΟΣ ΚΟΡΙΝΘΙΟΥΣ Α΄: 8;46;1co-8.mp3
1070;ΠΡΟΣ ΚΟΡΙΝΘΙΟΥΣ Α΄: 9;46;1co-9.mp3
1071;ΠΡΟΣ ΚΟΡΙΝΘΙΟΥΣ Α΄: 10;46;1co-10.mp3
1072;ΠΡΟΣ ΚΟΡΙΝΘΙΟΥΣ Α΄: 11;46;1co-11.mp3
1073;ΠΡΟΣ ΚΟΡΙΝΘΙΟΥΣ Α΄: 12;46;1co-12.mp3
1074;ΠΡΟΣ ΚΟΡΙΝΘΙΟΥΣ Α΄: 13;46;1co-13.mp3
1075;ΠΡΟΣ ΚΟΡΙΝΘΙΟΥΣ Α΄: 14;46;1co-14.mp3
1076;ΠΡΟΣ ΚΟΡΙΝΘΙΟΥΣ Α΄: 15;46;1co-15.mp3
1077;ΠΡΟΣ ΚΟΡΙΝΘΙΟΥΣ Α΄: 16;46;1co-16.mp3
1078;ΠΡΟΣ ΚΟΡΙΝΘΙΟΥΣ Β΄: 1;47;2co-1.mp3
1079;ΠΡΟΣ ΚΟΡΙΝΘΙΟΥΣ Β΄: 2;47;2co-2.mp3
1080;ΠΡΟΣ ΚΟΡΙΝΘΙΟΥΣ Β΄: 3;47;2co-3.mp3
1081;ΠΡΟΣ ΚΟΡΙΝΘΙΟΥΣ Β΄: 4;47;2co-4.mp3
1082;ΠΡΟΣ ΚΟΡΙΝΘΙΟΥΣ Β΄: 5;47;2co-5.mp3
1083;ΠΡΟΣ ΚΟΡΙΝΘΙΟΥΣ Β΄: 6;47;2co-6.mp3
1084;ΠΡΟΣ ΚΟΡΙΝΘΙΟΥΣ Β΄: 7;47;2co-7.mp3
1085;ΠΡΟΣ ΚΟΡΙΝΘΙΟΥΣ Β΄: 8;47;2co-8.mp3
1086;ΠΡΟΣ ΚΟΡΙΝΘΙΟΥΣ Β΄: 9;47;2co-9.mp3
1087;ΠΡΟΣ ΚΟΡΙΝΘΙΟΥΣ Β΄: 10;47;2co-10.mp3
1088;ΠΡΟΣ ΚΟΡΙΝΘΙΟΥΣ Β΄: 11;47;2co-11.mp3
1089;ΠΡΟΣ ΚΟΡΙΝΘΙΟΥΣ Β΄: 12;47;2co-12.mp3
1090;ΠΡΟΣ ΚΟΡΙΝΘΙΟΥΣ Β΄: 13;47;2co-13.mp3
1091;ΠΡΟΣ ΓΑΛΑΤΑΣ: 1;48;gal-1.mp3
1092;ΠΡΟΣ ΓΑΛΑΤΑΣ: 2;48;gal-2.mp3
1093;ΠΡΟΣ ΓΑΛΑΤΑΣ: 3;48;gal-3.mp3
1094;ΠΡΟΣ ΓΑΛΑΤΑΣ: 4;48;gal-4.mp3
1095;ΠΡΟΣ ΓΑΛΑΤΑΣ: 5;48;gal-5.mp3
1096;ΠΡΟΣ ΓΑΛΑΤΑΣ: 6;48;gal-6.mp3
1097;ΠΡΟΣ ΕΦΕΣΙΟΥΣ: 1;49;eph-1.mp3
1098;ΠΡΟΣ ΕΦΕΣΙΟΥΣ: 2;49;eph-2.mp3
1099;ΠΡΟΣ ΕΦΕΣΙΟΥΣ: 3;49;eph-3.mp3
1100;ΠΡΟΣ ΕΦΕΣΙΟΥΣ: 4;49;eph-4.mp3
1101;ΠΡΟΣ ΕΦΕΣΙΟΥΣ: 5;49;eph-5.mp3
1102;ΠΡΟΣ ΕΦΕΣΙΟΥΣ: 6;49;eph-6.mp3
1103;ΠΡΟΣ ΦΙΛΙΠΠΗΣΙΟΥΣ: 1;50;php-1.mp3
1104;ΠΡΟΣ ΦΙΛΙΠΠΗΣΙΟΥΣ: 2;50;php-2.mp3
1105;ΠΡΟΣ ΦΙΛΙΠΠΗΣΙΟΥΣ: 3;50;php-3.mp3
1106;ΠΡΟΣ ΦΙΛΙΠΠΗΣΙΟΥΣ: 4;50;php-4.mp3
1107;ΠΡΟΣ ΚΟΛΟΣΣΑΕΙΣ: 1;51;col-1.mp3
1108;ΠΡΟΣ ΚΟΛΟΣΣΑΕΙΣ: 2;51;col-2.mp3
1109;ΠΡΟΣ ΚΟΛΟΣΣΑΕΙΣ: 3;51;col-3.mp3
1110;ΠΡΟΣ ΚΟΛΟΣΣΑΕΙΣ: 4;51;col-4.mp3
1111;ΠΡΟΣ ΘΕΣΣΑΛΟΝΙΚΕΙΣ Α΄: 1;52;1th-1.mp3
1112;ΠΡΟΣ ΘΕΣΣΑΛΟΝΙΚΕΙΣ Α΄: 2;52;1th-2.mp3
1113;ΠΡΟΣ ΘΕΣΣΑΛΟΝΙΚΕΙΣ Α΄: 3;52;1th-3.mp3
1114;ΠΡΟΣ ΘΕΣΣΑΛΟΝΙΚΕΙΣ Α΄: 4;52;1th-4.mp3
1115;ΠΡΟΣ ΘΕΣΣΑΛΟΝΙΚΕΙΣ Α΄: 5;52;1th-5.mp3
1116;ΠΡΟΣ ΘΕΣΣΑΛΟΝΙΚΕΙΣ Β΄: 1;53;2th-1.mp3
1117;ΠΡΟΣ ΘΕΣΣΑΛΟΝΙΚΕΙΣ Β΄: 2;53;2th-2.mp3
1118;ΠΡΟΣ ΘΕΣΣΑΛΟΝΙΚΕΙΣ Β΄: 3;53;2th-3.mp3
1119;Α΄ ΠΡΟΣ ΤΙΜΟΘΕΟΝ: 1;54;1ti-1.mp3
1120;Α΄ ΠΡΟΣ ΤΙΜΟΘΕΟΝ: 2;54;1ti-2.mp3
1121;Α΄ ΠΡΟΣ ΤΙΜΟΘΕΟΝ: 3;54;1ti-3.mp3
1122;Α΄ ΠΡΟΣ ΤΙΜΟΘΕΟΝ: 4;54;1ti-4.mp3
1123;Α΄ ΠΡΟΣ ΤΙΜΟΘΕΟΝ: 5;54;1ti-5.mp3
1124;Α΄ ΠΡΟΣ ΤΙΜΟΘΕΟΝ: 6;54;1ti-6.mp3
1125;Β΄ ΠΡΟΣ ΤΙΜΟΘΕΟΝ: 1;55;2ti-1.mp3
1126;Β΄ ΠΡΟΣ ΤΙΜΟΘΕΟΝ: 2;55;2ti-2.mp3
1127;Β΄ ΠΡΟΣ ΤΙΜΟΘΕΟΝ: 3;55;2ti-3.mp3
1128;Β΄ ΠΡΟΣ ΤΙΜΟΘΕΟΝ: 4;55;2ti-4.mp3
1129;ΠΡΟΣ ΤΙΤΟΝ: 1;56;tit-1.mp3
1130;ΠΡΟΣ ΤΙΤΟΝ: 2;56;tit-2.mp3
1131;ΠΡΟΣ ΤΙΤΟΝ: 3;56;tit-3.mp3
1132;ΠΡΟΣ ΦΙΛΗΜΟΝΑ: 1;57;phm-1.mp3
1133;ΠΡΟΣ ΕΒΡΑΙΟΥΣ: 1;58;heb-1.mp3
1134;ΠΡΟΣ ΕΒΡΑΙΟΥΣ: 2;58;heb-2.mp3
1135;ΠΡΟΣ ΕΒΡΑΙΟΥΣ: 3;58;heb-3.mp3
1136;ΠΡΟΣ ΕΒΡΑΙΟΥΣ: 4;58;heb-4.mp3
1137;ΠΡΟΣ ΕΒΡΑΙΟΥΣ: 5;58;heb-5.mp3
1138;ΠΡΟΣ ΕΒΡΑΙΟΥΣ: 6;58;heb-6.mp3
1139;ΠΡΟΣ ΕΒΡΑΙΟΥΣ: 7;58;heb-7.mp3
1140;ΠΡΟΣ ΕΒΡΑΙΟΥΣ: 8;58;heb-8.mp3
1141;ΠΡΟΣ ΕΒΡΑΙΟΥΣ: 9;58;heb-9.mp3
1142;ΠΡΟΣ ΕΒΡΑΙΟΥΣ: 10;58;heb-10.mp3
1143;ΠΡΟΣ ΕΒΡΑΙΟΥΣ: 11;58;heb-11.mp3
1144;ΠΡΟΣ ΕΒΡΑΙΟΥΣ: 12;58;heb-12.mp3
1145;ΠΡΟΣ ΕΒΡΑΙΟΥΣ: 13;58;heb-13.mp3
1146;ΙΑΚΩΒΟΥ: 1;59;jas-1.mp3
1147;ΙΑΚΩΒΟΥ: 2;59;jas-2.mp3
1148;ΙΑΚΩΒΟΥ: 3;59;jas-3.mp3
1149;ΙΑΚΩΒΟΥ: 4;59;jas-4.mp3
1150;ΙΑΚΩΒΟΥ: 5;59;jas-5.mp3
1151;Α΄ ΠΕΤΡΟΥ: 1;60;1pe-1.mp3
1152;Α΄ ΠΕΤΡΟΥ: 2;60;1pe-2.mp3
1153;Α΄ ΠΕΤΡΟΥ: 3;60;1pe-3.mp3
1154;Α΄ ΠΕΤΡΟΥ: 4;60;1pe-4.mp3
1155;Α΄ ΠΕΤΡΟΥ: 5;60;1pe-5.mp3
1156;Β΄ ΠΕΤΡΟΥ: 1;61;2pe-1.mp3
1157;Β΄ ΠΕΤΡΟΥ: 2;61;2pe-2.mp3
1158;Β΄ ΠΕΤΡΟΥ: 3;61;2pe-3.mp3
1159;Α΄ ΙΩΑΝΝΟΥ: 1;62;1jn-1.mp3
1160;Α΄ ΙΩΑΝΝΟΥ: 2;62;1jn-2.mp3
1161;Α΄ ΙΩΑΝΝΟΥ: 3;62;1jn-3.mp3
1162;Α΄ ΙΩΑΝΝΟΥ: 4;62;1jn-4.mp3
1163;Α΄ ΙΩΑΝΝΟΥ: 5;62;1jn-5.mp3
1164;Β΄ ΙΩΑΝΝΟΥ: 1;63;2jn-1.mp3
1165;Γ΄ ΙΩΑΝΝΟΥ: 1;64;3jn-1.mp3
1166;ΙΟΥΔΑ: 1;65;jud-1.mp3
1167;ΑΠΟΚΑΛΥΨΗ ΙΩΑΝΝΟΥ: 1;66;rev-1.mp3
1168;ΑΠΟΚΑΛΥΨΗ ΙΩΑΝΝΟΥ: 2;66;rev-2.mp3
1169;ΑΠΟΚΑΛΥΨΗ ΙΩΑΝΝΟΥ: 3;66;rev-3.mp3
1170;ΑΠΟΚΑΛΥΨΗ ΙΩΑΝΝΟΥ: 4;66;rev-4.mp3
1171;ΑΠΟΚΑΛΥΨΗ ΙΩΑΝΝΟΥ: 5;66;rev-5.mp3
1172;ΑΠΟΚΑΛΥΨΗ ΙΩΑΝΝΟΥ: 6;66;rev-6.mp3
1173;ΑΠΟΚΑΛΥΨΗ ΙΩΑΝΝΟΥ: 7;66;rev-7.mp3
1174;ΑΠΟΚΑΛΥΨΗ ΙΩΑΝΝΟΥ: 8;66;rev-8.mp3
1175;ΑΠΟΚΑΛΥΨΗ ΙΩΑΝΝΟΥ: 9;66;rev-9.mp3
1176;ΑΠΟΚΑΛΥΨΗ ΙΩΑΝΝΟΥ: 10;66;rev-10.mp3
1177;ΑΠΟΚΑΛΥΨΗ ΙΩΑΝΝΟΥ: 11;66;rev-11.mp3
1178;ΑΠΟΚΑΛΥΨΗ ΙΩΑΝΝΟΥ: 12;66;rev-12.mp3
1179;ΑΠΟΚΑΛΥΨΗ ΙΩΑΝΝΟΥ: 13;66;rev-13.mp3
1180;ΑΠΟΚΑΛΥΨΗ ΙΩΑΝΝΟΥ: 14;66;rev-14.mp3
1181;ΑΠΟΚΑΛΥΨΗ ΙΩΑΝΝΟΥ: 15;66;rev-15.mp3
1182;ΑΠΟΚΑΛΥΨΗ ΙΩΑΝΝΟΥ: 16;66;rev-16.mp3
1183;ΑΠΟΚΑΛΥΨΗ ΙΩΑΝΝΟΥ: 17;66;rev-17.mp3
1184;ΑΠΟΚΑΛΥΨΗ ΙΩΑΝΝΟΥ: 18;66;rev-18.mp3
1185;ΑΠΟΚΑΛΥΨΗ ΙΩΑΝΝΟΥ: 19;66;rev-19.mp3
1186;ΑΠΟΚΑΛΥΨΗ ΙΩΑΝΝΟΥ: 20;66;rev-20.mp3
1187;ΑΠΟΚΑΛΥΨΗ ΙΩΑΝΝΟΥ: 21;66;rev-21.mp3
1188;ΑΠΟΚΑΛΥΨΗ ΙΩΑΝΝΟΥ: 22;66;rev-22.mp3